Name,Features,Original Price,Current Price
"Sony WH-1000XM5 Wireless Industry Leading Noise Canceling Headphones with Auto Noise Canceling Optimizer, Crystal Clear Hands-Free Calling, and Alexa Voice Control, Black",Type: Over the EarNoise Cancelling: ActiveWireless Type: BluetoothModel #: SONY-WH-1000XM5BLK-A,,$229.95†ñ
Sony MDR-7506 Professional Headphones,Brand: SONYSeries: 7506Model: MDR-7506Part Number: MDR7506Model #: 7506,,$98.00†ñ
Refurbished Sony WH-1000XM5/B Wireless Industry Leading Noise Canceling Bluetooth Headphones (Black),Brand: SONYModel: WH1000XM5/BType: Over the EarColor: BlackModel #: WH1000XM5/B,,$199.99†ñ
"Refurbished Sony INZONE H9 Wireless Noise Canceling Gaming Headset, Over-ear Headphones - WHG900N/W","Type: HeadsetWeight: 2.0000Package Contents: USB Cable, USB transceiver, HeadphonesModel #: WHG900N/W",,$126.62†ñ
Refurbished Sony WH-1000XM5/B Wireless Industry Leading Noise Canceling Bluetooth Headphones (Black),Brand: SONYModel: WH1000XM5/BType: Over the EarColor: BlackModel #: WH1000XM5/B,,$199.99†ñ
Sony WHCH520B Wireless Headphones with Microphone - Black,Type: HeadphoneNoise Cancelling: YesModel #: WHCH520/B,,$38.00†ñ
"Sony WH-1000XM4 Wireless Industry Leading Noise Canceling Overhead Headphones with Mic for Phone-Call and Alexa Voice Control, Blue",Brand: SONYPart Number: WH1000XM4/LType: WirelessColor: BlueModel #: WH1000XM4/L,,$213.99†ñ
Sony Fashion Color EX Series Earbuds - Stereo - Mini-phone - Wired - White,Type: EarphoneWeight: 10Parts: 90 DayLabor: 90 DayModel #: MDREX15LP/W,,$9.95†ñ
Sony WH1000XM6B Best Wireless Noise Canceling Headphones - Black,Brand: SONYPart Number: WH1000XM6B.UCType: HeadphoneColor: BlackModel #: WH1000XM6/B,,$398.00†ñ
SONY  Black  MDRXZ110/BLK  OH Headphone 30mm Driver Unit,Type: On-EarDriver Unit: 30mmFrequency Response: 12Hz-22KHzInput Impedance: 24 ohmsModel #: MDRZX110B,,$26.00†ñ
Sony WH-1000XM5 Noise-Canceling Wireless Over-Ear Headphones (Silver),Type: HeadphoneModel #: WH1000XM5/S,,$248.00†ñ
Sony Headphones WH-1000XM4 XM4 Ear Pad Cushions Replacements - Parts,Type: HeadphoneModel #: WH-1000XM4 Ear Pad,,$18.49†ñ
Refurbished Sony ULT WEAR 900N Wireless Noise Canceling Bluetooth Headphones - Forest Gray,Type: HeadphonesWeight: 1.0000Model #: WHULT900N/H,,$150.00†ñ
Sony WH-1000XM5 Noise-Canceling Wireless Over-Ear Headphones (Blue),Type: WirelessModel #: SONWH1000XM5BE,$399.99,$287.99†ñ
SONY  MDRZX110NC  OH Headphone-Noice Cancelling,Type: See DetailsModel #: MDRZX110NC,$59.99,$52.69†ñ
Sony WH1000XM5B Noise-Canceling Over-Ear Headphones - Black,Type: Over the EarNoise Cancelling: ActiveWireless Type: BluetoothModel #: WH1000XM5/B,$239.95,$229.95†ñ
Sony WF-1000XM5 Noise-Canceling True Wireless In-Ear Headphones (Silver),Type: EarbudModel #: WF1000XM5/S,$192.50,$189.89†ñ
Sony WH1000XM6S Best Wireless Noise Canceling Headphones - Platinum Silver,Brand: SONYPart Number: WH1000XM6S.UCType: HeadphoneColor: SilverModel #: WH1000XM6/S,$459.99,$398.00†ñ
Sony WHCH720NB Wireless Noise Cancelling Headphone - Black,Part Number: WHCH720N/BType: HeadphoneDriver Unit: 30mmFrequency Response: 20Hzñ20KHzModel #: WH-CH720N/B,$179.99,$98.00†ñ
Sony WF-1000XM5 Noise-Canceling True Wireless In-Ear Headphones (Black),Type: EarbudModel #: WF1000XM5/B,$289.52,$228.00†ñ
Sony WF C510 Truly Wireless Yellow Earbuds with Up To 11 Hours Battery Life,Type: EarbudModel #: WFC510/Y,,$48.00†ñ
Sony ULT WEAR Over-Ear Headphones Wireless Noise Canceling in Black - WHULT900NB,Type: HeadphoneModel #: WHULT900NB,,$148.00†ñ
Sony MDR-M1 Professional Reference Closed Monitor Headphones,Type: HeadphoneModel #: MDR-M1,,$228.00†ñ
Sony WH-RF400 Wireless Over-Ear Home Theater Headphones (Black),Type: Over the EarModel #: WHRF400,,$104.99†ñ
"Sony WF-C510 Truly Wireless in-Ear Bluetooth Earbud Headphones with up to 22-Hour Battery, Multipoint-Connection, Mic and IPX4 Water Resistance, Black- New",Type: EarbudModel #: WFC510/B,,$48.00†ñ
"Sony WH-CH510 Wireless On-Ear Headphones, Black (WHCH510/B) with Hardshell Headphone Case Bundle (2 Items)",Model #: WHCH510B_K1,,$49.99†ñ
Sony MDR7506 Professional Stereo Folding Closed Ear Headphones with Coiled Cable,Type: HeadphoneModel #: Sony-MDR7506,,$107.49†ñ
Sony WH-1000XM5 Noise-Canceling Wireless Over-Ear Headphones (Black),Type: HeadphoneModel #: SOWH1000XM5B,,$283.99†ñ
Sony WFG700NB INZONE Truly Wireless Noise Cancelling Earbuds - Black,Type: EarbudModel #: WFG700N/B,,$198.00†ñ
Sony WFC500 Truly Wireless In-Ear Bluetooth Headphones with Mic-Black,Part Number: WF-C500Type: EarbudDriver Unit: 5.8mmSignal to Noise Ratio(SNR): YesModel #: WFC500/B,,$69.99†ñ
Sony WH-CH520 Compact Wireless Bluetooth On-Ear Headphones (Black) with Stand,Type: HeadphoneModel #: KN-HS-01_K22,,$49.99†ñ
Sony WF C510 Lightweight Truly Wireless Yellow Earbuds Bundle,Type: EarbudModel #: KN-EARTIPS3P-01_K11,,$48.00†ñ
Sony WF-1000XM5 Truly Wireless Noise Canceling Earbuds (Black) Bundle,Type: EarbudModel #: KR-DWIRPAD-10W_K19,,$228.00†ñ
Sony WH-CH520 Wireless Bluetooth On-Ear Headset (Black) with Hard Case,Type: HeadphoneModel #: KN-HCCH510_K5,,$49.99†ñ
Sony WH-CH520 Wireless Bluetooth On-Ear Headset (Black) with Locator Keychain,Type: HeadphoneModel #: SDBT013_K11,,$49.99†ñ
Sony WH-CH520 Compact Wireless Bluetooth On-Ear Headphones (Black) bundle,Type: WirelessModel #: PSCORELCD10KPD_K13,$58.00,$49.99†ñ
Sony WF C510 Truly Wireless Black Earbuds with Earphone Storage Case Bundle,Type: EarbudModel #: KN-EPC-02_K34,,$48.00†ñ
Sony - WHG900N/W INZONE H9 Wireless Noise Canceling Gaming Headset - White,Type: HeadphoneWeight: 1.0000Model #: WHG900NW,,$198.00†ñ
Blink Plus,"Monoprice Flat USB Type-C to Type-A 3.2 Gen1 Charge and Sync Cable - 6 Feet - Black 5Gbps, 3A, Reversible Connector, Compatible with Galaxy S10 S10E S9 S8 S20 Plus","Connector Type: USBCable Length: 6.00 ft.Connector Number: 2Features: 3A Battery Charging: With up to 3 amps of Battery Charging power, you can keep your mobile devices fully charged and ready for use.Model #: 141941",$29.68,$26.98¬†‚Äì
Blink Plus,"Reolink 12CH NVR(Max. 8 Wired + 4 Battery-powered WiFi Cams) With 2TB HDD Built-in, Work With Reolink Cams, Support up to 16MP, 12 Channel PoE NVR for 24/7 Continuous Recording, Expandable Up To 16TB",Brand: ReolinkSeries: NVRBundled Camera Number: Add-on CameraColor: BlackModel #: PN-8,$337.99,$299.99¬†‚Äì
Blink Plus,"SIHAO Electric Car Jack, 15Ton 12V Cordless Car Hydraulic Jack with LED Light, Portable Emergency Tire Change Tool for Sedan SUV MPV Pickup",Model #: QJD12V,$185.86,$154.89¬†‚Äì
PCIe NVMe M.2 SSD Mounting Screws Kit for Asus Gigabyte ASRock Msi Motherboards,"M.2 PCIe NVMe NGFF SSD Mounting Screws Hex Nuts Standoff Kits for ASUS Gigabyte ASRock MSI Motherboards,40pcs",Model #: 11-001-012,$9.99,$8.69¬†‚Äì
3 in 1 Charging Station for iPhone,"3 in 1 Charging Station for Apple Magsafe Charger Travel Accessories, Wireless Charger 3 in 1 for iPhone 16 15 Pro Max Magsafe Accessories Charger for Airpods iWatch iPhone 12-16",Type: Wireless ChargerModel #: RB2412211,$29.98,$25.99¬†‚Äì
AMD RYZEN 7 9800X3D 8-Core,AMD Ryzen 7 9800X3D - Ryzen 7 9000 Series 8-Core Socket AM5 120W AMD Radeon Graphics Processor - 100-000001084 - OEM,Series: Ryzen 7 9000 SeriesL3 Cache: 96MBCooling Device: Cooling device not included - Processor OnlyBrand: AMDModel #: 100-000001084,$494.98,$494.90¬†‚Äì
AMD RYZEN 7 9800X3D 8-Core,"Mloong X-Dragon Gaming PC Desktop, AMD Ryzen 7 9800X3D 8 core 4.7GHz(up to 5.2GHz), GeForce RTX 5070Ti 16GB, 32GB DDR5 RAM 6000MHz, 2TB NVME SSD, 850W PSU, Windows 11 Home 64-bit, White",Type: Gaming & EntertainmentForm Factor: DesktopAI Features: AI ReadyUsage: GAMINGModel #: 601HJF9800X507TB,"$5,199.00","$2,599.00¬†‚Äì"
AMD RYZEN 7 9800X3D 8-Core,"CLX SET Gaming Desktop - AMD Ryzen 7 9800X3D 4.7GHz 8-Core Processor, 32GB DDR5 Memory, GeForce RTX 5080 16GB GDDR7 Graphics, 2TB NVMe M.2 SSD, WiFi, Win 11 Home 64-bit",GPU/VGA Type: GeForce RTX 5080CPU Name: AMD Ryzen 7 9800X3DMemory Capacity: 32GB DDR5SSD: 2TB NVMeModel #: TGMSETRTU5105BM,"$3,499.99","$3,299.99¬†‚Äì"
AMD RYZEN 7 9800X3D 8-Core,"IPASON Ryvex Gaming Desktop, Ryzen 7 7800X3D, NVIDIA RTX5060Ti ,32GB DDR5 RAM, 1TB M.2 NVMe,Windows 11 home,B850M-E WIFI, ARGB Fans, AI Ready,650W Gold PSU, Prebuilt Gaming Pc,new computer",Release Year: 2025Type: Gaming & EntertainmentForm Factor: DesktopAI Features: AI ReadyModel #: EGG12600KF3060Ti,"$2,149.00","$1,499.00¬†‚Äì"
AMD RYZEN 7 9800X3D 8-Core,Andromeda Insights V3 Ultra 50 - RTX 5080 16GB GDDR7 | Ryzen 7 9800X3D 4.7 GHz (5.2 GHz Turbo Boost) | 32GB DDR5 6000MHz | 2TB Gen4 SSD | 850W Gold PSU | ARGB Fans | Wi-Fi + BT | Win 11,GPU/VGA Type: GeForce RTX 5080CPU Name: AMD Ryzen 7 9800X3DMemory Capacity: 32GB DDR5SSD: 2TB NVMeModel #: V3-RTX5080-9800X3D-2TB-32GB-850W-BLK,"$2,879.98","$2,699.99¬†‚Äì"
AMD RYZEN 7 9800X3D 8-Core,Andromeda Insights V3 Elite 50 - RTX 5070 Ti 16GB GDDR7 | Ryzen 7 9800X3D 4.7 GHz (5.2 GHz Turbo Boost) | 32GB DDR5 6000MHz | 2TB Gen4 SSD | 850W Gold PSU | ARGB Fans | Wi-Fi + BT | Win 11,GPU/VGA Type: GeForce RTX 5070 TiCPU Name: AMD Ryzen 7 9800X3DMemory Capacity: 32GB DDR5SSD: 2TB NVMeModel #: V3-RTX5070TI-9800X3D-2TB-32GB-850W-BLK,"$2,579.98","$2,349.99¬†‚Äì"
AMD RYZEN 7 9800X3D 8-Core,Andromeda Insights V3 ELITE AMD - RX 9070XT 16GB GDDR6 | Ryzen 7 9800X3D 4.7 GHz (5.2 GHz Turbo Boost) | 32GB DDR5 6000MHz | 2TB Gen4 SSD | 850W Gold PSU | ARGB Fans | Wi-Fi + BT | Win 11,GPU/VGA Type: AMD Radeon RX 9070 XTCPU Name: AMD Ryzen 7 9800X3DMemory Capacity: 32GB DDR5SSD: 2TB NVMeModel #: V3-RX9070XT-9800X3D-2TB-32GB-850W-BLK,"$2,499.99","$2,199.99¬†‚Äì"
AMD RYZEN 7 9800X3D 8-Core,"VTG Vantaq Gaming PC Desktop AMD Ryzen7 9800X3D ,Geforce RTX5080, 2TB NVME SSD, 32GB DDR5 RAM , 850W GOLD PSU ,  360MM AIO liquid cooler,Windows 11 Home,  WIFI 6, Prebuilt Gaming Pc New computer",Release Year: 2025Type: Gaming & EntertainmentForm Factor: DesktopAI Features: AI ReadyModel #: 98X3D508NNRENV1,"$3,699.99","$2,999.00¬†‚Äì"
4K HDMI Capture Card for Streaming,"4K Capture Card, Audio Video Capture Card with Microphone 4K HDMI Loop-Out, 1080p 60fps Video Recorder for Gaming/Live Streaming/Video Conference/Nintendo Switch/PS4/OBS/Camera/PC","Part Number: BL-SPCJK
Feature: Audio and Video Capture: HDMI capture cards support UAC & UVC protocol and 48 kHz PCM audio sampling rate, compatible with UVC video capture and YUV422 video output. Capture card can automatically detect the input video format, and automatically adjust to the set output size and frame rate, in addition, the video capture card can automatically detect The input audio format is converted into 48KHz PCM audio. All third-party player software compatible with UVC and UAC protocols is supported.
HD Capture, Smooth, No Delay: The capture card possesses 4K HD resolution input, loop-out output, HD 1080P is clearer, so that the game picture quality is clearer, bid farewell to the hazy era. HDMI capture card support you to play your console game with the game view and real-time feedback, record the footage directly to your hard drive. You ca...Model #: BL-SPCJK",$45.58,$37.99¬†‚Äì
4K HDMI Capture Card for Streaming,"4K HDMI Capture Card,AUBEAMTO Audio Video Capture Card for Streaming, Full HD 1080P 60FPS USB Capture Card, Cam Link Game Capture Card Nintendo Switch/PS5/3ds/Xbox/PS4","Part Number: OZC3AInterface: HDMICamera Resolution: Up to 4K VideoCompatibility: Our HDMI video capture card supports up to 4K 60fps input and Full HD 1080p 60fps HDMI video capture. The capture card is suitable for streaming, video conferencing, live broadcasting, game broadcasting, screen recording and other usage scenarios.Model #: A-OZC3A",$33.99,$28.99¬†‚Äì
4K HDMI Capture Card for Streaming,"4K Capture Card, Audio Video Capture Card with Microphone 4K HDMI Loop-Out, 1080p 60fps Video Recorder for Gaming/Live Streaming/Video Conference/Nintendo Switch/PS4/OBS/Camera/PC","Part Number: BL-SPCJK
Feature: Audio and Video Capture: HDMI capture cards support UAC & UVC protocol and 48 kHz PCM audio sampling rate, compatible with UVC video capture and YUV422 video output. Capture card can automatically detect the input video format, and automatically adjust to the set output size and frame rate, in addition, the video capture card can automatically detect The input audio format is converted into 48KHz PCM audio. All third-party player software compatible with UVC and UAC protocols is supported.
HD Capture, Smooth, No Delay: The capture card possesses 4K HD resolution input, loop-out output, HD 1080P is clearer, so that the game picture quality is clearer, bid farewell to the hazy era. HDMI capture card support you to play your console game with the game view and real-time feedback, record the footage directly to your hard drive. You ca...Model #: BL-SPCJK",$45.58,$37.99¬†‚Äì
4K HDMI Capture Card for Streaming,"4K Capture Card, Video Capture Card 1080P 60FPS,HDMI Capture Card Switch with Microphone, Game Capture Card USB 3.0 for Live Streaming Video Recording, Screen Capture Device Work with PS4/PC/OBS/DSLR",Interface: USB 3.0/USB-CResolution Support: 4K@60HzCamera Resolution: Up to 4K VideoColor: BlackModel #: J-OZC9-3,$54.99,$50.49¬†‚Äì
Creative Sound Blaster Audigy FX PCIe 5.1 Internal Sound Card with High Performance Headphone Amp for PCs,"Creative Sound Blaster Audigy Fx V2 Upgradable Hi-res PCI-e Sound Card with 5.1 Discrete and Virtual Surround, Scout Mode, SmartComms Kit for PC","SNR: 120dBOperating Systems Supported: Windows¬Æ 10, Windows¬Æ 11System Requirements: Intel¬Æ Core‚Ñ¢i3 or AMD¬Æ equivalent processor
Intel, AMD, or 100% compatible motherboard
Microsoft¬Æ Windows 10 / Windows 11 32 / 64-bit or later
>4 GB RAM
>4 GB of free hard disk space
Available PCIe slotPart Number: 70SB187000000Model #: 70SB187000000",$59.99,$54.99¬†‚Äì
TP-Link WiFi 6 PCIe WiFi Card for Desktop PC AX3000 Archer TX55E,"TP-Link WiFi 6 PCIe WiFi Card for Desktop PC AX3000 (Archer TX55E), Bluetooth 5.2, WPA3, 802.11ax Dual Band Wireless Adapter with MU-MIMO, Ultra-Low Latency, Supports Windows 11, 10 (64bit) Only","Frequency Band: 2.4 GHz / 5 GHzSecurity: Support 64/128 bit WEP, WPA/WAP2/WPA3, WPA-PSK/WPA2-PSK, 802.1xTransmitted Power: 5 GHz : 27dBm(FCC) / 23dBm(CE) (EIRP)
2.4 GHz : 26dBm(FCC) / 20dBm(CE) (EIRP)Antenna: Two High-Gain Dual Band AntennasModel #: Archer TX55E",$33.99,$27.54¬†‚Äì
SABRENT USB 2.0 to Serial 9 Pin DB 9 RS 232 Converter Cable,"SABRENT USB 2.0 to Serial (9-Pin) DB-9 RS-232 Converter Cable, Prolific Chipset, - HEXNUTS - , [Windows 10/8.1/8/7/VISTA/XP, Mac OS X 10.6 and Above] 2.5 Feet (CB-DB9P)",Type: USBModel #: CB-DB9P,$11.99,$9.99¬†‚Äì
SABRENT USB 2.0 to Serial 9 Pin DB 9 RS 232 Converter Cable,Sabrent USB 2.0 to Serial (9-Pin) DB-9 RS-232 Adapter Cable 6ft Cable with Hexnut connectors (SBT-FTDI),Type: USB 2.0 to Serial (9-pin) DB-9 RS-232Type: PDA AccessoriesColor: BlackConnector Number: 2Model #: SBT-FTDI,$16.79,$13.99¬†‚Äì
SABRENT USB 2.0 to Serial 9 Pin DB 9 RS 232 Converter Cable,"SABRENT USB-C to DB9 Serial RS-232 Adapter Cable 6FT, Prolific PL2303GS Chipset, USB 2.0, 1bps-12Mbps Baud Rate, for POS Terminals, Modems, GPS, Industrial Devices (CB-D9C6)",Model #: CB-D9C6,$24.99,$19.99¬†‚Äì
Noctua NF-P12 redux-1700 PWM,"JONSBO ZB-360B PC Case Fan, Silent Computer Fan with Axis & 4-Sides Infinity Mirror, All-IN-One, Single Frame Unit with 3x120mm ARGB Fans, 4 Pin PWM,3Pin ARGB, Fan 2400RPM, Black",Model #: ZB-360B,$79.00,$43.50¬†‚Äì
PCIe Firewire Card for Windows 10,StarTech.com TB31PCIEX16 Thunderbolt 3 PCIe Expansion Chassis - Thunderbolt 3 to 16 x PCIe - Aluminum - PCIe SSD - External PCIe Enclosure - PCIe Slot,"Type: Thunderbolt 3 to PCIe x16 and DisplayPortExternal Ports: 2 x Thunderbolt 3 USB-C (24-pin) Female
1 x DisplayPort (20 pin) FemaleInternal Ports: 1 x PCI Express x16 FemaleData Transfer Rate: Up to 40 Gbps (Thunderbolt 3)Model #: TB31PCIEX16",$316.99,$252.95¬†‚Äì
Thermalright Peerless Assassin 120 SE CPU Cooler,"Thermalright Peerless Assassin 120 SE ARGB V2 CPU Air Cooler - 6 Heat Pipes AGHP GEN 5.0 Technology | 1850RPM PWM 120mm Fans, for Intel 1851/1700/115X/1200, AMD AM4/AM5 White",Model #: 814256019279,$59.99,$54.99¬†‚Äì
Belkin RJ45 CAT 5e Snagless Molded Patch Cable 3 Feet,Belkin Cat.5e UTP Patch Cable,Brand: BelkinCat: 5ELength: 3 ftColor: BlueModel #: TAA791-03-BLU-S,$14.98,$10.30¬†‚Äì
GLOTRENDS SA3026 6-Port PCIe X4 SATA Card,"GLOTRENDS SA3026 6 Ports PCIe X4 SATA 3.0 Expansion Card, Including SATA Cables and 1:5 SATA Splitter Power Cable, Compatible with Windows,Linux,Mac OS,NAS",Type: PCI Express to SATA CardModel #: SA3026,$69.00,$39.99¬†‚Äì
ARCTIC Liquid Freezer III 360 - CPU AIO Water Cooler,"ARCTIC ACFRE00180A Liquid Freezer III Pro 360 AIO CPU Cooler, Water Cooling 38 mm Radiator, AMD AM5/AM4, Intel LGA1851/1700 (Black)",Model #: ACFRE00180A,$149.99,$148.45¬†‚Äì
Qi 15W Car Phone Holder Wireless Charger,"Ecocleanpath 15W Qi Wireless Car Charger & Phone Holder, 360¬∞ Rotation, Fast Charging for iPhone/Samsung (Black)",Model #: 6911102838139,$57.99,$49.99¬†‚Äì
Qi 15W Car Phone Holder Wireless Charger,"Ecocleanpath 15W Qi Fast Wireless Car Charger & Phone Holder, 360¬∞ Rotation, Touch Screen, Red",Model #: 6911102838078,$57.99,$49.99¬†‚Äì
Qi 15W Car Phone Holder Wireless Charger,"Ecocleanpath 15W Qi Fast Wireless Car Charger & Phone Holder, 360¬∞ Rotation, Smart Sensor, Silver",Model #: 6911102838108,$57.99,$49.99¬†‚Äì
Qi 15W Car Phone Holder Wireless Charger,"Ecocleanpath 15W Qi Fast Wireless Car Charger & Phone Holder, 360¬∞ Rotation, Touch Screen, Blue",Model #: 6911102838153,$57.99,$49.99¬†‚Äì
Qi 15W Car Phone Holder Wireless Charger,"Ecocleanpath 15W Qi Fast Wireless Car Charger & Phone Holder, Auto Clamping for iPhone 15 Pro Max, Galaxy S24 (Black)",Model #: 6911102838344,$82.99,$70.99¬†‚Äì
Qi 15W Car Phone Holder Wireless Charger,"Ecocleanpath 66W Super Fast Car Wireless Charger & Phone Holder with Auto Clamp, 15W Qi Charging (Silver)",Model #: 6911102838429,$47.99,$40.99¬†‚Äì
Qi 15W Car Phone Holder Wireless Charger,"Ecocleanpath Q3 15W Qi Fast Wireless Car Charger & Phone Holder, Auto Clamp for iPhone/Android (Black)",Model #: 6911102837927,$54.99,$46.99¬†‚Äì
Qi 15W Car Phone Holder Wireless Charger,Ecocleanpath Q3 Smart Sensor Car Phone Holder & 15W Qi Fast Wireless Charger for iPhone & Android (Silver),Model #: 6911102837941,$54.99,$46.99¬†‚Äì
Qi 15W Car Phone Holder Wireless Charger,"Ecocleanpath Q3 15W Qi Fast Wireless Car Charger & Phone Holder, Auto Clamping for iPhone & Android (Red)",Model #: 6911102837958,$54.99,$46.99¬†‚Äì
Qi 15W Car Phone Holder Wireless Charger,"Ecocleanpath Q3 15W Qi Fast Wireless Car Charger & Phone Holder, Auto Clamp for iPhone & Android (Gold)",Model #: 6911102838016,$54.99,$46.99¬†‚Äì
Qi 15W Car Phone Holder Wireless Charger,"Ecocleanpath 15W Qi Fast Wireless Car Charger Mount, Auto Clamping Phone Holder for iPhone & Samsung (Yellow)",Model #: 6911102837903,$60.99,$51.99¬†‚Äì
Qi 15W Car Phone Holder Wireless Charger,"Ecocleanpath 15W Qi Fast Wireless Car Charger Mount, Auto Clamping Phone Holder for iPhone & Samsung (Yellow)",Model #: 6911102837972,$61.99,$52.99¬†‚Äì
Qi 15W Car Phone Holder Wireless Charger,"Ecocleanpath 15W Qi Fast Wireless Car Charger Mount, Auto Clamping Phone Holder for iPhone & Samsung (Blue)",Model #: 6911102838047,$60.99,$51.99¬†‚Äì
Qi 15W Car Phone Holder Wireless Charger,"Ecocleanpath 15W Qi Fast Wireless Car Charger Mount, Auto Clamping Phone Holder for iPhone & Samsung (Red)",Model #: 6911102838061,$60.99,$51.99¬†‚Äì
Qi 15W Car Phone Holder Wireless Charger,"Ecocleanpath 15W Qi Fast Wireless Car Charger Mount, Auto Clamping Phone Holder for iPhone & Samsung (Red)",Model #: 6911102837934,$61.99,$52.99¬†‚Äì
Qi 15W Car Phone Holder Wireless Charger,"Ecocleanpath 15W Qi Fast Wireless Car Charger Mount, Auto Clamping Phone Holder for iPhone & Samsung (Blue)",Model #: 6911102838009,$61.99,$52.99¬†‚Äì
Qi 15W Car Phone Holder Wireless Charger,"Ecocleanpath MagSafe 15W Car Mount Charger, Magnetic Wireless Phone Holder & Fast Charger for iPhone 15/14/13/12 (Black)",Model #: 6911102837682,$53.99,$45.99¬†‚Äì
Qi 15W Car Phone Holder Wireless Charger,"Ecocleanpath 15W Fast Wireless Car Charger & Phone Holder for iPhone, Samsung - Black",Model #: 6911102837828,$82.99,$70.99¬†‚Äì
Qi 15W Car Phone Holder Wireless Charger,"Ecocleanpath 15W Auto-Clamping Wireless Car Charger & Phone Holder, 360¬∞ Rotatable, Gold",Model #: 6911102837637,$57.99,$49.99¬†‚Äì
Qi 15W Car Phone Holder Wireless Charger,"Ecocleanpath Smart 15W Wireless Car Charger & Phone Holder - Auto Alignment, 360¬∞ Adjustable Mount (Black)",Model #: 6911102837699,$50.99,$43.99¬†‚Äì
Qi 15W Car Phone Holder Wireless Charger,"Ecocleanpath 15W Fast Wireless Car Charger & Phone Holder, Auto Clamp for iPhone Samsung - Black",Model #: 6911102837835,$82.99,$70.99¬†‚Äì
Qi 15W Car Phone Holder Wireless Charger,Ecocleanpath 15W Wireless Car Charger Mount for Galaxy Z Fold/S24/S23 & iPhone - Auto-Clamp Vent/Dash Holder,Model #: 6911102837873,$89.99,$76.99¬†‚Äì
SABRENT USB External Stereo Sound Adapter for Windows and Mac. Plug and Play No Drivers Needed. AU-MMSA,SABRENT USB External Stereo Sound Adapter for Windows and Mac. Plug and Play No Drivers Needed. (AU-MMSA),Color: BlackChanger Type: USB to AudioConnector A: 1x USB 2.0 maleConnector B: 1x Stereo Out + 1x Microphone InModel #: AU-MMSA,$10.79,$8.99¬†‚Äì
Memory Card Reader,"Bailink 5-in-1 Memory Card Reader, USB OTG Adapter & SD Card Reader for iPhone/iPad, USB C and USB A Devices with Micro SD & SD Card Slots, Supports SD/Micro SD/SDHC/SDXC/MMC",Installation Type: ExternalSupport - Compact Flash: YesSupport - Memory Stick: YesSupport - MMC: YesModel #: BL-CR-3IN1,$23.98,$19.99¬†‚Äì
Memory Card Reader,"MAIWO CFexpress Type B Card Reader Adapter, Portable Aluminum USB C 3.1 Gen 2 Type C to CF Express Reader, CF Express Memory Card Adapter up to 10Gbps, Support Windows/Mac OS/Linux/Android",Model #: K1685CF,$38.99,$20.99¬†‚Äì
Memory Card Reader,Sabrent 7 Slot USB 2.0 Internal Memory Card Reader & Writer (CRW-UINB),Installation Type: InternalSupport - Compact Flash: YesSupport - Memory Stick: YesSupport - MMC: YesModel #: CRW-UINB,$11.99,$9.99¬†‚Äì
Memory Card Reader,Ugreen Micro SD Card Reader USB C USB 3.0 to Memory Card Reader Adapter for External Camera Photo SD SDHC SDXC MicroSD UHS-I Compatible with Computer PC MacBook Air Pro Samsung Galaxy S22 iPad Pro,Model #: A87,$14.19,$13.99¬†‚Äì
Memory Card Reader,"Transcend TS-RDF5K USB 3.0 Support SDHC (UHS-I), SDXC (UHS-I), microSD, microSDHC (UHS-I), and microSDXC (UHS-I) Flash Card Reader",Installation Type: ExternalSupport - SD: YesSupport - xD: YesSlots: 2Model #: TS-RDF5K,$15.25,$13.78¬†‚Äì
Memory Card Reader,StarTech CFASTRWU3C StarTech.com CFast Card Reader -  USB C - Memory Card Reader - Card to USB-C - Portable CFast 2.0 Reader / Writer,"Installation Type: ExternalSlots: 1Compatibility: CFast 2.0 / 1.0 memory cardsDimensions: 0.60"" x 2.30"" x 9.50""Model #: CFASTRWU3C",$61.99,$41.99¬†‚Äì
SABRENT USB 3.0 to SATA External Hard Drive Lay-Flat Docking Station for 2.5 or 3.5in HDD,"Sabrent USB 3.0 to SATA External Hard Drive Lay-Flat Docking Station for 2.5 or 3.5in HDD, SSD (EC-DFLT)","Type: DockNumber of Bay: 10Operating Systems Supported: Windows XP, Windows Vista, Windows 7, Windows 8
Mac OSPackage Contents: 2.5"" /3.5"" external SATA hard disk docking
AC Power Adapter
USB 3.0 CableModel #: EC-DFLT",$39.99,$29.99¬†‚Äì
SABRENT USB 3.0 to SATA External Hard Drive Lay-Flat Docking Station for 2.5 or 3.5in HDD,"SABRENT EC-DFFN 2.5"" & 3.5"" SATA USB 3.0 USB 3.0 to SATA External Hard Drive Lay-Flat Docking Station with Built-in Cooling Fan","Dimensions: 7.20"" x 4.90"" x 1.80""Type: DockNumber of Bay: 1 BayMaximum Capacity (per Bay): Up to 6TBModel #: EC-DFFN",$38.34,$31.95¬†‚Äì
Floppy Disk Reader,"Bailink USB Floppy Disk Reader, 3.5 inch External Portable 1.44 MB FDD Floppy Disk Drive,USB Type A&C Floppy Disk Drive for Windows 11/10/8/7/2000/XP PC Laptop Desktop Notebook Computer,Black","Brand: BailinkCapacity: 1.44MBStandards: 3.5 inch External Portable 1.44 MB FDD Floppy Disk DriveSize: 3.5""Model #: BL-YDRQ-1",$43.18,$35.99¬†‚Äì
Floppy Disk Reader,"Bailink USB Floppy Disk Reader, 3.5 inch External Portable 1.44 MB FDD Floppy Disk Drive,USB Type A&C Floppy Disk Drive for Windows 11/10/8/7/2000/XP PC Laptop Desktop Notebook Computer,Black","Parts: 1 YearSports Team: Floppy Disk Reader for PC: This 3.5 inch external USB floppy disk drive is an excellent solution to reading and writing your old floppy disks as easy as a built-in floppy disc reader. Retrieve Your Memories, for all the people that grew up with floppy disks, this is a returnModel #: BL-YDRQ",$45.99,$35.99¬†‚Äì
Gaming Headset for PC,"Razer BlackShark V2 X Gaming Headset: 7.1 Surround Sound Capable - 50mm Drivers - Memory Foam Cushion - for PC, PS4, Nintendo Switch - 3.5mm Headphone Jack - Classic Black",Headphone Input Impedance: 32 ohms (1 kHz)Headphone Sensitivity: 100dB S.P.L. at 1KHzNoise Cancelling: PassiveMicrophone Impedance: 32 ? (1 kHz)Model #: RZ04-03240100-R3U1,$59.99,$31.99¬†‚Äì
Gaming Headset for PC,"Logitech G PRO X Gaming Headset with Blue Voice, DTS Headphone 7.1 and 50 mm PRO-G Drivers, for PC - Black",Brand: LogitechPart Number: 981-000817Color: BlackConnection Type: WiredModel #: 981-000817,$119.99,$84.99¬†‚Äì
Gaming Headset for PC,"Corsair VOID WIRELESS v2 Gaming Headset Works with PC, PS5 and Nintendo Switch- White (CA-9011380-WW)",Part Number: CA-9011380-WWCompatibility: Nintendo Switch / PC / PlayStation 5Color: WhiteOperating Time: Up to 70 hoursModel #: CA-9011380-WW,$129.99,$79.99¬†‚Äì
Gaming Headset for PC,HyperX Cloud Jet Wireless Gaming headset - Light blue,Color: BlueModel #: 198701343424,$79.99,$69.99¬†‚Äì
Gaming Headset for PC,"SteelSeries Arctis Nova Pro Wireless Multi-System Gaming Headset - Premium Hi-Fi Drivers - Active Noise Cancellation - Infinity Power System - Stealth Retractable Mic - PC, PS5/PS4, Switch, Mobile",Brand: SteelSeriesPart Number: 61520Compatibility: Android / Mac / Nintendo Switch / PC / PlayStation 4 / PlayStation 5 / WindowsColor: BlackModel #: 61520,$386.99,$354.99¬†‚Äì
Gaming Headset for PC,"Razer BlackShark V2 X Gaming Headset: 7.1 Surround Sound - 50mm Drivers - Memory Foam Cushion - for PC, PS4, PS5, Switch, Xbox One, Xbox Series X|S, Mobile - 3.5mm Audio Jack ‚Äì White","Part Number: RZ04-03240700-R3U1Compatibility: PC, Mac, PS4, Xbox One, and mobile devices*
*Mobile devices with an available 3.5mm portColor: WhiteLED: NoneModel #: RZ04-03240700-R3U1",$59.99,$37.99¬†‚Äì
Gaming Headset for PC,"CORSAIR VIRTUOSO RGB WIRELESS XT High-Fidelity Gaming Headset with Bluetooth and Spatial Audio - Works with Mac, PC, PS5, PS4, Xbox series X/S - Slate","Power Source: Rechargeable, Lithium polymer, 1500mAhOperating Time: Up to 15 hoursCord Length: USB Charging Cable: 1.8m
3.5mm Inline Controller: 1.5mWireless Type: 2.4 GHz ISM / Bluetooth 5.0Model #: CA-9011188-NA",$279.99,$169.99¬†‚Äì
Gaming Headset for PC,"Corsair VOID RGB Elite Wireless Premium Gaming Headset with 7.1 Surround Sound - Discord Certified - Works with PC, PS5 and PS4 - White (CA-9011202-NA)",Operating Time: Up to 16 hoursWireless Type: 2.4G WirelessHeadphone Frequency Response: 20Hz-30KHzHeadphone Input Impedance: 32 ohm @ 1KHzModel #: CA-9011202-NA,$119.99,$107.99¬†‚Äì
Gaming Headset for PC,"HyperX Cloud III ‚Äì Wired Gaming Headset, PC, PS5, Xbox Series X|S, Angled 53mm Drivers, DTS Spatial Audio, Memory Foam, Durable Frame, Ultra-Clear 10mm Mic, USB-C, USB-A, 3.5mm ‚Äì Black/Red","Part Number: 727A9AACompatibility: PC, PS5, PS4, Xbox Series X|S, Xbox One, Nintendo Switch, Mac, Mobile.Color: Black/ RedLED: -Model #: 727A9AA",$99.99,$69.99¬†‚Äì
Gaming Headset for PC,"Logitech G335 Wired Gaming Headset, with Flip to Mute Microphone, 3.5mm Audio Jack, Memory Foam Earpads, Lightweight, Compatible with PC, PlayStation, Xbox, Nintendo Switch ‚Äì Black",Brand: LogitechCompatibility: Nintendo Switch / PlayStation 4 / PlayStation 5 / Xbox One / Xbox Series S / Xbox Series XColor: BlackConnection Type: WiredModel #: 981-000977,$69.99,$49.69¬†‚Äì
Gaming Headset for PC,"SteelSeries Arctis 1 Wireless Gaming Headset ‚Äì USB-C ‚Äì Detachable Clearcast Microphone ‚Äì for PC, PS4, Nintendo Switch and Lite, Android ‚Äì Black",Part Number: 61512Color: BlackOperating Time: 20 hoursWireless Type: RFModel #: 61512,$99.30,$95.80¬†‚Äì
Gaming Headset for PC,"Corsair HS80 MAX Wireless Multiplatform Gaming Headset with Bluetooth - Dolby Atmos - Broadcast Quality Microphone - iCUE Compatible - PC, Mac, PS5, PS4, Mobile - Steel Gray","Power Source: Built-in lithium-ion polymer, rechargeableOperating Time: Up to 65 hours with RGB off.
Up to 24 hours over 2.4GHz with RGB on.Cord Length: 1.8m USB charging cableWireless Type: Low-Latency 2.4Ghz Wireless and Bluetooth¬Æ 5.2Model #: CA-9011295-NA",$189.99,$167.09¬†‚Äì
Gaming Headset for PC,"Logitech G321 Lightspeed Wireless Bluetooth Gaming Headset - Dynamic Comfort and fit, 16kHz Boom mic, 20+ hrs Battery, PC, PS4, PS5, Nintendo Switch, Mobile - Black",Brand: Logitech Video CollaborationModel #: 981-001562,$62.98,$59.99¬†‚Äì
Gaming Headset for PC,"SteelSeries Arctis Nova 7X Wireless Gen 2 Gaming Headset - Real-Time App Control, 50+ HR Play, Neodymium Drivers, Mix 2.4GHz/Bluetooth, Xbox, PC, PS5/PS4, Switch 1/2, Mobile - Magenta",Brand: SteelSeriesModel #: 61760,$199.99,$179.99¬†‚Äì
Gaming Headset for PC,"HyperX Cloud Alpha Wireless - Gaming Headset for PC, 300-hour battery life, DTS Headphone X Spatial Audio, Memory foam, Dual Chamber Drivers, Noise-canceling mic, Durable aluminum frame (Black-Red)",Part Number: 4P5D4AACompatibility: PCColor: Black/ RedLED: -Model #: 4P5D4AA,$199.99,$149.99¬†‚Äì
Samsung 870 EVO SATA III SSD 1TB 2.5 Internal Solid State Drive,"Samsung 870 EVO SATA III SSD 1TB 2.5‚Äù Internal Solid State Drive, Upgrade PC or Laptop Memory and Storage for IT Pros, Creators, Everyday Users, MZ-77E1T0B/AM",Model #: MZ-77E1T0B/AM,$216.50,$199.75¬†‚Äì
SanDisk 128GB Ultra Flair USB 3.0 Flash Drive - SDCZ73-128G-G46,"SanDisk 128GB Ultra Flair CZ73 USB 3.0 Flash Drive, Speed Up to 150MB/s (SDCZ73-128G-G46)",Brand: SanDiskSeries: Ultra FlairCapacity: 128GBSecurity: 128bit AES EncryptionModel #: SDCZ73-128G-G46,$16.89,$14.98¬†‚Äì
USB Microphone,"Adiven 2025 USB Streaming Podcast PC Microphone, 192KHz/24Bit Studio Cardioid Condenser Mic Kit with Sound Card, Boom Arm, Shock Mount, Pop Filter, for Skype, YouTuber, Karaoke, Gaming, Recording",Part Number: AD-MICP01Model #: AD-MICP01,$50.99,$49.99¬†‚Äì
USB Microphone,USB Streaming Podcast PC Microphone  professional 192KHZ24Bit Studio Cardioid Condenser Mic Kit with sound card Boom Arm Shock Mount Pop Filter for Skype YouTuber Karaoke Gaming Recording,Specification: Brand	Piy Painting connector-type	USB Connectivity Technology	USB Power Source	Corded Electric Polar Pattern	UnidirectionalColor: BlackModel #: melc-B07MZP3N5C,$45.89,$45.39¬†‚Äì
USB Microphone,"Bailink Gaming USB Microphone for PC, Home Studio Condenser Microphone with Boom Arm,USB Mic with Pop Filter, Gain Control for Podcast Recording, Streaming Microphone Kit for PS4/5 Mac Phone",Microphone Signal to Noise Ratio(SNR): 120 dBMicrophone Frequency Response: 20 KHzPart Number: BL-GAMEMICPModel #: BL-GAMEMICP,$61.18,$52.99¬†‚Äì
USB Microphone,"Gaming Microphone, USB PC Mic for Podcasts Videos, Streaming, Condenser Mic with Quick Mute, Tripod Stand, Pop Filter, RGB Indicator, Shock Mount, Rotate gain button, Compatible with PS4/5/PC",Model #: MC001,$83.98,$69.99¬†‚Äì
USB Microphone,SADES Tyto Gaming Microphone - PC/ RGB/ USB-C/ Boom Arm/ Desk Stand/ Touch Mute/ Streaming/ Gaming/ Podcasting White,Part Number: ME6SBCompatibility: PCColor: WhiteLED: RGBModel #: ME6SW,$39.99,$24.99¬†‚Äì
UGREEN NASync DXP2800 2-Bay Desktop NAS,"UGREEN NASync DXP2800, 2-Bay NAS with Intel N100 Quad-Core CPU (Up to 3.4GHz) 8GB DDR5, 2x M.2 PCIe Slots, 2.5GbE Port (Diskless)",Form Factor: 2-BayPort RJ-45: 1 x 2.5GbEPort USB: 2 x USB2.0HDD Interface: 2x SATA (2x Bay) + 2x M.2 (2x Bay)Model #: DXP2800,$399.99,$319.99¬†‚Äì
Wireless Microphones,"USB C Lavalier Microphone Wireless Mini Microphone for Type-C Android Phone/Tablet/PC Video Recording Clip-on Microphone with Rotatable Clips and Noise Reduction Recording, Perfect for Vlog Tiktok You",Model #: BT0317J,$23.99,$20.99¬†‚Äì
Wireless Microphones,"Gaming Microphone, USB PC Mic for Podcasts Videos, Streaming, Condenser Mic with Quick Mute, Tripod Stand, Pop Filter, RGB Indicator, Shock Mount, Rotate gain button, Compatible with PS4/5/PC",Model #: MC001,$83.98,$69.99¬†‚Äì
Wireless Microphones,"Monoprice 200-Channel UHF Dual Handheld Wireless Microphones System, 262foot (80meter) Range, Perfect for Church, Birthdays, Karaoke, Weddings, Events - Stage Right Series","Part Number: 600059Features: Includes Two Handheld Microphones: The system includes two handheld, wireless microphones with separate receiver channels and separate XLR outputs. Duets were never this easy.Model #: 600059",$131.99,$119.99¬†‚Äì
Wireless Microphones,"Wireless Microphone for iPhone, iPad, Android, Lavalier Microphone for Video Recording - 2-Pack iPhone Microphone Crystal Clear Recording with USB-C for Podcast Microphone, ASMR",Model #: BT0317C,$23.99,$21.99¬†‚Äì
EBXYA 6Ft XLR Snake Cable 4 Channel - Premium Balanced Microphone Patch Cable XLR Male to Female for Live,"EBXYA 6Ft XLR Snake Cable 4 Channel - Premium Balanced Microphone Patch Cable XLR Male to Female for Live, Recording, Studios, 2 Pack","Type: microphone cableColor: Blue,Green,RedSpecifications: 2 Pack 6FTSpeed: 6 Gigabits Per SecondModel #: ECC020P00-4FM",$27.99,$22.99¬†‚Äì
UGREEN SSD Enclosure,UGREEN M.2 NVMe SSD Enclosure 10Gbps USB 3.2 Gen 2 (10 Gbps) to NVME M-Key/(B+M) Key Solid State Drive External Enclosure Support UASP Trim for 2230/2242 /2260/2280 NVME SSDs,Model #: ee-94,$60.18,$57.19¬†‚Äì
Stylus Pen for iPad 2018-2024,"Stylus Pencil for iPad 2018-2024, Tilt Sensitivity, Palm Rejection, Compatible with iPad 6/7/8/9/10th, iPad Mini 5/6th, iPad Pro 11/12.9"", iPad Air 3/4/5/6, White","Features: Compatibility Check Needed : Supports iPad 2018 and later versions: iPad Pro 12.9""(3/4/5/6th), iPad Pro 11""(1/2/3/4th), iPad Air 3/4/5/6th, iPad 6/7/8/9/10th, iPad Mini 5/6. Note:Not applicable to mini 7. Please confirm your devices before placing an order
Tilt Sensitivity&Palm Rejection: Make your hand comfortable on iPad without leaving wrong marks, as natural as using a real pencil. Tilt the tip, you can adjust line thickness easily while drawing, sketching, or marking. Note: no pressure sensitivity
Fast Charge&Auto Shutdown: Fully charged in 20 minutes and allows 4-8 hours of continuous use. It auto shuts down after 30 minutes of inactivity to save power. Four indicator lights provide battery usage, avoiding shutdown due to lack of power during use
Magnetic Attachment:The upgraded built-in magnets make the pencil firmly attached to the side of your iPad, avoi...Model #: BL-CKB-W-1",$21.58,$19.99¬†‚Äì
Logitech G305 LIGHTSPEED Wireless Gaming Mouse,"Logitech G305 LIGHTSPEED Wireless Gaming Mouse, Hero 12K Sensor, 12,000 DPI, Lightweight, 6 Programmable Buttons, 250h Battery Life, On-Board Memory, PC/Mac - White",Brand: LogitechName: G305Type: WirelessResolution (DPI): 12000 dpiModel #: 910-005289,$49.99,$47.65¬†‚Äì
Logitech G305 LIGHTSPEED Wireless Gaming Mouse,"YEAH MAGIC Tyrfing V1 Wireless Gaming Mouse with RGB Charging Dock, 12K DPI,  59g Ultra-Lightweight, Tri-Mode Connectivity, 300mah Battery, Ergonomic, 1K Report Rate, With Magnetic Dock,Black",Brand: YEAH MAGICType: Bluetooth / 2.4GHz / WiredColor: BlackModel #: V1 MC221-B,$24.99,$23.99¬†‚Äì
Brother Genuine Standard Yield Toner Cartridge,Brother DR830 Printer Drum Unit,Part Number: DR830Ink Type: Ink CartridgeModel #: DR830,$150.49,$149.99¬†‚Äì
Brother Genuine Standard Yield Toner Cartridge,"Brother International - TN4313PK - Brother TN-431 Toner Cartridge - Cyan, Magenta, Yellow - Laser - Standard Yield -",Model #: TN4313PK,$252.49,$229.50¬†‚Äì
Brother Genuine Standard Yield Toner Cartridge,Brother TN223BK Toner Cartridge - Black,Brand: BrotherPart Number: TN223BKCartridge Quantity: 1Cartridge Color: BlackModel #: TN223BK,$69.99,$68.57¬†‚Äì
Brother Genuine Standard Yield Toner Cartridge,Brother DR229 Black Standard Yield Drum Unit (DR229CL),"Product Type: Ink, Toner & Drum UnitsColor: BlackModel #: DR229CL",$178.99,$177.00¬†‚Äì
Logitech K400 Plus Wireless Touch With Easy Media Control and Built-in Touchpad,"Logitech K400 Plus Wireless Touch TV Keyboard With Easy Media Control and Built-in Touchpad, HTPC Keyboard for PC-connected TV, Windows, Android, Chrome OS, Laptop, Tablet - Black",Design Style: CompactKeyboard Color: BlackBrand: LogitechName: K400+Model #: K400+ RF Touch Keyboard,$34.99,$32.99¬†‚Äì
HDMI to VGA,"Hannord HDMI to VGA, Gold-Plated HDMI to VGA Adapter (Male to Female) for Computer, Desktop, Laptop, PC, Monitor, Projector, HDTV, Chromebook, Raspberry Pi, Roku, Xbox and More - Black",Type: HDMI to VGAChanger Type: HDMI to VGAColor: BlackConnector A: HDMIModel #: E000033-1,$11.99,$6.99¬†‚Äì
HDMI to VGA,"HDMI to VGA, Gold-Plated HDMI to VGA Adapter (Male to Female) with 3.5mm Audio Jack and USB Power Supply for Computer, Desktop, Laptop, PC, Monitor, Projector, HDTV, Chromebook, Raspberry Pi, Roku, Xb","Type: HDMI to VGAColor: BlackPackage Contents: HDMI male to VGA female adapter x 1

3.5mm audio male to male cable x 1

USB to Micro USB power cable x 1Model #: BL-HDMI2VGA-1",$16.78,$13.99¬†‚Äì
HDMI to VGA,"Hannord HDMI to VGA, Gold-Plated HDMI to VGA Adapter (Male to Female) for Computer, Desktop, Laptop, PC, Monitor, Projector, HDTV, Chromebook, Raspberry Pi, Roku, Xbox and More - Black",Type: HDMI to VGAChanger Type: HDMI to VGAColor: BlackConnector A: HDMIModel #: E000033-1,$11.99,$6.99¬†‚Äì
HDMI to VGA,StarTech.com HD2VGAMM10 HDMI to VGA Cable - 10 ft / 3m - 1080p - 1920 x 1200 - Active HDMI Cable - Monitor Cable - Computer Cable,"Type: HDMI to VGAColor: BlackCable Length: 10 ft.Specifications: Output Signal: VGA
Maximum Analog Resolutions: 1920 x 1200
Maximum Digital Resolutions: PC resolutions up to 1920 x 1200 @ 60 Hz
Connector Type(s): 1 x USB Micro-B (5 pin) Female
Power Source: USB-Powered
Humidity: 40 - 85%RH
Operating Temperature: 0 to 60 degree C (32 to 140 degree F)
Storage Temperature: -10 to 70 degree C (14 to 158 degree F)Model #: HD2VGAMM10",$50.99,$47.99¬†‚Äì
HDMI to VGA,"DisplayPort to DVI Adapter, Hannord Dp Display Port to DVI Converter Male to Male Gold-Plated Cord 6 Feet Black Cable for Lenovo, Dell, HP and Other Brand",Type: DP to DVIChanger Type: DisplayPort to DVIStyle: StandardColor: BlackModel #: E000100-1,$13.99,$9.79¬†‚Äì
HDMI to VGA,StarTech.com MCHD2VGAA2 Micro HDMI to VGA Adapter Converter with Audio for Smartphones / Ultrabooks / Tablets - 1920x1200,"Type: HDMI to VGAColor: BlackSpecifications: Hardware
Audio: Yes
Converter Type: Format Converter
Industry Standards: HDMI, HDCP

Performance
Audio Specifications: 2 Channel
Maximum Analog Resolutions: 1920x1200
Wide Screen Supported: YesConnector A: 1 - Micro HDMI (19 pin) FemaleModel #: MCHD2VGAA2",$46.99,$40.10¬†‚Äì
HDMI to VGA,"SYBA SY-ADA31044 IO Crest HDMI to VGA Adapter, with Audio Support","Type: HDMI to VGAColor: WhiteSpecifications: Supports HDMI Standard Norm
 
Complaint with HDMI 1.4 specification
 
Analog RGB output for VGA with Triple 9-bit DAC up to 200MHz pixel rate.
 
Supports VESA and CEA timing standards up to WUXGA 1920x1200@60MHz and 1920x1080@60MHz.
 
On-chip encoder supports 2 channel IIS/S/PDIF audio output
 
Integrated EDID buffer
 
VGA/HDMI connection detection supported
 
Supports Auto Power Saving mode and low stand-by current
 
Supports Audio via Jack Stereo Cable
 
Plug and Play, Driverless Installation
 
Device is 10.3in Long (Cable is 6.5in)
 
Audio Cable is 18.4in LongConnector A: 1x VGA femaleModel #: SY-ADA31044",$14.99,$13.99¬†‚Äì
HDMI to VGA,C2g 8In Hdmi To Vga Adapter Converter Dongle - Black,Color: BlackWeight: 0.2Model #: 41350,$38.99,$33.35¬†‚Äì
StarTech.com USB 3.0 to Dual HDMI Adapter,StarTech.com USB32HD2 USB to Dual HDMI Adapter - 4K - External Video Card - USB to HDMI Adapter - Monitor Adapter - USB 3.0 to HDMI,"Type: USB to HDMI AdaptersColor: BlackSpecifications: Audio: Yes
Chipset ID: MCT Trigger
Memory: 64MB DDRII SDRAM
Output Signal: HDMI
Ports: 2
Audio Specifications: 2-channel stereo
Maximum Digital Resolutions: 4K x 2K @ 30 Hz

Supported Resolutions
Output 1: 3840 x 2160, 2048 x 1152, 1920 x 1200, 1920 x 1080, 1680 x 1050, 1366 x 768, 1280 x 800, 1280 x 768, 1280 x 720, 1600 x 1200, 1400 x 1050, 1280 x 1024, 1024 x 768, 800 x 600, 640 x 480
Output 2: 2048 x 1152, 1920 x 1080, 1680 x 1050, 1366 x 768, 1280 x 800, 1280 x 768, 1280 x 720, 1600 x 1200, 1400 x 1050, 1280 x 1024, 1024 x 768, 800 x 600, 640 x 480
**All resolutions support 16 and 32 bit color

Wide Screen Supported: Yes
Connector A: 1 x USB Type-A (9 pin) USB 3.0 Male Input
Microsoft WHQL Certified: Yes
OS Compatibility: Windows 10 (32/64), Windows 8 / 8.1 (32/64), Windows 7 (32/64)
Note: T...Model #: USB32HD2",$97.99,$56.51¬†‚Äì
StarTech.com USB 3.0 to Dual HDMI Adapter,"StarTech.com USB to Dual HDMI Adapter, USB A/C to 2x HDMI Displays (1x 4K30Hz, 1x 1080p), Integrated USB-A to C Dongle, 4in/11cm Cable, USB 3.0 to HDMI Display Adapter, Windows & macOS","Type: USB to HDMI AdaptersColor: GraySpecifications: Compatibility:
Windows 7
Windows 8.1
Windows 10
Windows 11
macOS Mojave (10.14)
macOS Catalina (10.15)
macOS Big Sur (11.0)
macOS Monterey (12.0)
macOS Ventura (13.0)
Chrome OS

Connector A: 
1 - USB 3.2 Type-A (9 pin, Gen 1, 5Gbps)
1 - USB 3.2 Type-C (24 pin, Gen 1, 5Gbps)

Connector B: 
2 - HDMI (19 pin)

Memory: 8Gb DDR3

Chipset ID: Silicon Motion - SM768Dimensions: 10.80"" x 2.00"" x 0.60""Model #: 107BUSBHDMI",$99.00,$84.06¬†‚Äì
Airtag Holder Air Tag Case with Keychain,"4 Pack, IPX8 Waterproof Airtag Holder for Apple Air Tags,Shockproof GPS Cover [Anti-Scratch] [PC+Silicone] Air-Tag Item Finders Case for Pets,Kids,Luggages-Black/Blue/White/Red",Type: GPS Cases & ProtectorsModel #: BL-ITGA,$11.98,$9.99¬†‚Äì
Wireless CarPlay Adapter for iPhone,"2 in 1 Mini Wireless CarPlay Adapter, Plug & Plug Auto Connect No Delay, Converts Wired to Wireless for Cars from 2017+, Android Auto Wireless Adapter for iPhone iOS 10+ /Android 11",Model #: WCPA001,$47.98,$39.99¬†‚Äì
Bluetooth Headset,"Corsair HS80 MAX Wireless Multiplatform Gaming Headset with Bluetooth - Dolby Atmos - Broadcast Quality Microphone - iCUE Compatible - PC, Mac, PS5, PS4, Mobile - Steel Gray","Power Source: Built-in lithium-ion polymer, rechargeableOperating Time: Up to 65 hours with RGB off.
Up to 24 hours over 2.4GHz with RGB on.Cord Length: 1.8m USB charging cableWireless Type: Low-Latency 2.4Ghz Wireless and Bluetooth¬Æ 5.2Model #: CA-9011295-NA",$189.99,$167.09¬†‚Äì
Bluetooth Headset,"Poly Blackwire 3215 Monaural USB-C Headset, Over-Ear USB-A HS TAA Compliant, Supra-aural, 3.5mm Plug, Black",Brand: PolyConnector: 3.5mm/ USB Type-CEar Coupling: Single EarWireless Type: USB-C/AModel #: BLACKWIRE3854_CTO_N1,$59.00,$49.00¬†‚Äì
Bluetooth Headset,"Logitech G321 Lightspeed Wireless Bluetooth Gaming Headset - Dynamic Comfort and fit, 16kHz Boom mic, 20+ hrs Battery, PC, PS4, PS5, Nintendo Switch, Mobile - Black",Brand: Logitech Video CollaborationModel #: 981-001562,$62.98,$59.99¬†‚Äì
Bluetooth Headset,"SteelSeries Arctis Nova 7X Wireless Gen 2 Gaming Headset - Real-Time App Control, 50+ HR Play, Neodymium Drivers, Mix 2.4GHz/Bluetooth, Xbox, PC, PS5/PS4, Switch 1/2, Mobile - Magenta",Brand: SteelSeriesModel #: 61760,$199.99,$179.99¬†‚Äì
Bluetooth Headset,"CORSAIR VIRTUOSO RGB WIRELESS XT High-Fidelity Gaming Headset with Bluetooth and Spatial Audio - Works with Mac, PC, PS5, PS4, Xbox series X/S - Slate","Power Source: Rechargeable, Lithium polymer, 1500mAhOperating Time: Up to 15 hoursCord Length: USB Charging Cable: 1.8m
3.5mm Inline Controller: 1.5mWireless Type: 2.4 GHz ISM / Bluetooth 5.0Model #: CA-9011188-NA",$279.99,$169.99¬†‚Äì
Bluetooth Headset,"SteelSeries Arctis Nova 7 Wireless Gen 2 Gaming Headset - Real-Time App Control, 50+ HR Play, Neodymium Drivers, Mix 2.4GHz/Bluetooth, PC, PS5, PS4, Switch 1/2, Mobile - Magenta",Brand: SteelSeriesModel #: 61732,$199.90,$179.99¬†‚Äì
REDTIGER Dash Cam Front Rear,"Redtiger 4K Touchscreen Dash Cam, STARVIS 2 Sensor, Front & Rear Car Camera w/ GPS, 5.8GHz WiFi, Voice Control, Night Vision, 24H Parking Mode + 128GB Card(F7N Touch)","Color: BlackType: Dash CamsScreen Size: 3""GSensor: YesModel #: 6975394261433",$179.98,$149.99¬†‚Äì
REDTIGER Dash Cam Front Rear,"REDTIGER F7NP 4K Dash Cam Front and Rear, STARVIS 2 Night Vision, GPS & 5.8GHz Wi-Fi, 3.18"" IPS Display, Parking Mode, Free 128GB Card",Brand: REDTIGERModel: F7NPColor: BlackType: Dash CamsModel #: 6975394260122,$199.99,$129.99¬†‚Äì
REDTIGER Dash Cam Front Rear,"REDTIGER A4 Dash Cam Front and Rear with 5.8GHz WiFi, 2"" Touch Screen, and Free 64GB Card  Advanced Car DVR with Parking Monitoring and Loop Recording","Color: BlackType: Dash CamsScreen Size: 2""Resolution: 4KModel #: 6975394261785",$94.78,$74.99¬†‚Äì
CD Case,Verbatim 94178 CD/ DVD Color Slim Cases 50pk,Pieces: 50Model #: 94178,$29.99,$27.99¬†‚Äì
Scotch Desktop Tape Dispenser,Scotch C20WAVEMI Desktop Tape Dispenser,"Type: Tape DispensersColor: BlueSizes/Dimensions: 2.13"" W x 2.75"" H x 5.25"" LSpecifications: Core Size (Imperial): 1 in

Core Size (metric): 25.4 mm

Tape Width (Imperial): 1 in

Tape Width (metric): 25.4 mmModel #: C20WAVEMI",$10.43,$7.99¬†‚Äì
Scotch Desktop Tape Dispenser,"Scotch C22 Two-Roll Desktop Tape Dispenser, 3"" core, High-Impact Plastic, Beige",Type: Tape DispensersColor: BeigeModel #: C22,$135.02,$114.99¬†‚Äì
14AWG Speaker Wire,"Monoprice Speaker Wire, Braided with Banana Plugs, 2-Conductor, 14AWG, 3ft",Type: Speaker WiresType: Speaker WiresColor: GrayConnector Number: 2Model #: 115519,$26.38,$23.98¬†‚Äì
14AWG Speaker Wire,"Monoprice Select Series 14 Gauge AWG Speaker Wire / Cable - 50ft Jacketed In Durable Plastic With A Color Coded Conductor For Home Theater, Car Audio And More",Type: Speaker WiresType: Speaker WiresColor: CopperConnector Number: 2Model #: 114917,$36.69,$33.35¬†‚Äì
14AWG Speaker Wire,"Monoprice Speaker Wire, Braided with Banana Plugs, 2-Conductor, 14AWG, 6ft, 1 Pack-Pack",Type: Audio / Video CablesType: OthersColor: BlackConnector Number: 2Model #: 134306,$54.48,$49.53¬†‚Äì
14AWG Speaker Wire,"Monoprice Speaker Wire, Braided with Banana Plugs, 2-Conductor, 14AWG, 20ft",Type: Audio / Video CablesType: OthersColor: BlackConnector Number: 2Model #: 134311,$43.29,$39.35¬†‚Äì
14AWG Speaker Wire,"Monoprice Speaker Wire, Braided with Banana Plugs, 2-Conductor, 14AWG, 6ft",Type: Speaker CablesType: OthersColor: BlackConnector Number: 2Model #: 115520,$29.68,$26.98¬†‚Äì
14AWG Speaker Wire,"Monoprice Speaker Wire, Braided with Banana Plugs, 2-Conductor, 14AWG, 10ft, 1 Pack-Pack",Type: Audio / Video CablesType: OthersColor: Multi-ColorConnector Number: 2Model #: 134309,$63.09,$57.35¬†‚Äì
14AWG Speaker Wire,"Monoprice Speaker Wire, Braided with Banana Plugs, 2-Conductor, 14AWG, 25ft",Type: Speaker WiresType: OthersColor: BlackConnector Number: 2Model #: 134312,$46.59,$42.35¬†‚Äì
14AWG Speaker Wire,"Monoprice Speaker Wire, Braided with Banana Plugs, 2-Conductor, 14AWG, 15ft",Type: Speaker CablesType: OthersColor: MultipleConnector Number: 2Model #: 134310,$34.08,$30.98¬†‚Äì
14AWG Speaker Wire,"Monolith Multi-Strand Conductors Speaker Wire - 10 Feet - Pair, PE Insulated, 14AWG, Oxygen Free Copper With Gold Plated Banana Plug Connectors",Type: Audio / Video CablesType: OthersColor: Multi-ColorConnector Number: 2Model #: 133835,$107.99,$69.26¬†‚Äì
14AWG Speaker Wire,"Monoprice Speaker Wire, CL2 Rated, 4-Conductor, 14AWG, 100ft, Black",Type: Speaker WiresType: OthersColor: BlackConnector Number: 2Model #: 141386,$153.29,$139.35¬†‚Äì
14AWG Speaker Wire,"Monoprice Speaker Wire, CMP Rated, 4-Conductor, 14AWG, 250ft, Black",Type: Speaker WiresType: Speaker WiresColor: BlackConnector Number: 2Model #: 113720,$259.99,$149.17¬†‚Äì
14AWG Speaker Wire,"Monoprice Speaker Wire, CL2 Rated, 2-Conductor, 14AWG, 100ft, Black",Type: Speaker WiresType: OthersColor: BlackConnector Number: 2Model #: 141376,$76.96,$69.96¬†‚Äì
14AWG Speaker Wire,"Monoprice Speaker Wire, CMP Rated, 2-Conductor, 14AWG, 250ft, Black",Type: Speaker WiresType: Speaker WiresColor: BlackConnector Number: 2Model #: 13717,$195.99,$165.92¬†‚Äì
14AWG Speaker Wire,"Monoprice Speaker Wire, Burial Rated, 2-Conductor, 14AWG, 250ft, Gray",Type: Speaker WiresType: Speaker WiresColor: GrayConnector Number: 2Model #: 121550,$122.99,$107.18¬†‚Äì
14AWG Speaker Wire,"Monoprice Speaker Wire, CL2 Rated, 2-Conductor, 14AWG, 500ft, Black",Type: Audio / Video CablesType: OthersColor: BlackConnector Number: 2Model #: 141382,$272.99,$147.47¬†‚Äì
14AWG Speaker Wire,Monoprice Speaker Wire - CL3 Rated - 2-Conductor - 14AWG - 250ft - White 44334,Type: Speaker WireType: OthersColor: WhiteConnector Number: 2Model #: 44334,$176.53,$160.48¬†‚Äì
14AWG Speaker Wire,"Monoprice Speaker Wire, Burial Rated, 4-Conductor, 14AWG, 250ft, Gray",Type: Speaker CablesType: OthersColor: GrayConnector Number: 2Model #: 121551,$283.94,$258.13¬†‚Äì
14AWG Speaker Wire,"Monoprice Speaker Wire, CL2 Rated, 4-Conductor, 14AWG, 250ft, Black",Type: Audio / Video CablesType: OthersColor: BlackConnector Number: 2Model #: 141387,$245.99,$221.00¬†‚Äì
14AWG Speaker Wire,"Monoprice Speaker Wire, CL2 Rated, 2-Conductor, 14AWG, 1000ft, Black",Type: Audio / Video CablesType: OthersColor: BlackConnector Number: 2Model #: 141398,$610.57,$555.06¬†‚Äì
14AWG Speaker Wire,"Monoprice Speaker Wire, CMP Rated, 4-Conductor, 14AWG, 500ft, Black",Type: Speaker WiresType: Speaker WiresColor: BlackConnector Number: 2Model #: 113721,"$1,010.56",$918.69¬†‚Äì
14AWG Speaker Wire,"Monoprice Speaker Wire, CL2 Rated, 4-Conductor, 14AWG, 1000ft, Black",Type: Audio / Video CablesType: OthersColor: BlackConnector Number: 2Model #: 141399,"$1,081.51",$983.19¬†‚Äì
14AWG Speaker Wire,"Monoprice Nimbus Series 14 Gauge AWG 2 Conductor CMP-Rated Speaker Wire / Cable - 50ft UL Plenum Rated, 100% Pure Bare Copper With Color Coded Conductors",Type: Speaker WiresType: Speaker WiresColor: BlackConnector Number: 2Model #: 113715,$40.99,$33.84¬†‚Äì
14AWG Speaker Wire,"Monolith Speaker Wire With Gold Plated Banana Plug Connectors - 6 Feet - Pair | 14AWG, Oxygen Free Copper (OFC), Multi-Strand Conductors, PE Insulated",Type: Audio / Video CablesType: OthersColor: SilverConnector Number: 2Model #: 133465,$123.59,$112.35¬†‚Äì
14AWG Speaker Wire,"Monoprice Nimbus Series 14 Gauge AWG 4 Conductor CMP-Rated Speaker Wire / Cable - 100ft UL Plenum Rated, 100% Pure Bare Copper With Color Coded Conductors",Type: Speaker WiresType: Speaker WiresColor: BlackConnector Number: 2Model #: 113719,$185.04,$168.22¬†‚Äì
Wireless CarPlay Adapter for Apple iPhone,"2 in 1 Mini Wireless CarPlay Adapter, Plug & Plug Auto Connect No Delay, Converts Wired to Wireless for Cars from 2017+, Android Auto Wireless Adapter for iPhone iOS 10+ /Android 11",Model #: WCPA001,$47.98,$39.99¬†‚Äì
Wireless CarPlay Adapter for Apple iPhone,"Wireless CarPlay Adapter for Apple iPhone, Wireless Carplay USB Dongle Converter Wired Carplay to Wireless, Supports Online Updates Plug and Play, Suitable for Car Built-in Wired CarPlay (Carbon)",Model #: BT0308J,$72.99,$67.99¬†‚Äì
WOLFBOX G840S 12 4K Mirror Dash Cam Backup Camera,"WOLFBOX G840S 12 Mirror Dash Cam Backup Camera,1296P Full HD Smart Rearview Mirror for Cars & Trucks, 1080P Front and Rear View Dual Cameras, Night Vision, Parking Assistance, Free 32GB Card & GPS","Brand: WOLFBOXColor: BlackType: Dash CamsScreen Size: 12""Model #: 788418348401",$167.98,$119.99¬†‚Äì
Wireless CarPlay Adapter 2024 Upgraded,"Wireless CarPlay Adapter 2024 Upgraded, 2-in-1 Wireless CarPlay and Android Auto Adapter Converts Factory Wired CarPlay to Wireless, Plug and Play CarPlay Wireless Adapter, Compatible with iPhone/Andr",Model #: BT0317A,$52.99,$49.99¬†‚Äì
Wireless CarPlay Adapter 2024 Upgraded,"Wireless CarPlay Adapter 2024 Upgraded, 2-in-1 Wireless CarPlay and Android Auto Adapter Converts Factory Wired CarPlay to Wireless, Plug and Play CarPlay Wireless Adapter, Compatible with iPhone/Andr",Model #: BT0111H,$65.99,$59.99¬†‚Äì
Wireless CarPlay Adapter 2024 Upgraded,"Wireless Carplay Adapter, 2-in-1 CarPlay Wireless Adapter and Android Auto Wireless Adapter, 2024 Upgraded Auto-connect and Low Latency Wireless Car Play Dongle for Apple iPhone IOS10+ and Android 10+",Model #: BT0111E,$69.99,$59.99¬†‚Äì
Upgraded Car Center Console Cover,Ecocleanpath Upgraded 15W Mag-Safe Car Phone Holder - 360¬∞ Adjustable Vacuum Suction Mount (Black),Model #: 6911072718295,$39.99,$33.99¬†‚Äì
Bluetooth Speaker with HD Sound,"CORSAIR VIRTUOSO RGB WIRELESS XT High-Fidelity Gaming Headset with Bluetooth and Spatial Audio - Works with Mac, PC, PS5, PS4, Xbox series X/S - Slate","Power Source: Rechargeable, Lithium polymer, 1500mAhOperating Time: Up to 15 hoursCord Length: USB Charging Cable: 1.8m
3.5mm Inline Controller: 1.5mWireless Type: 2.4 GHz ISM / Bluetooth 5.0Model #: CA-9011188-NA",$279.99,$169.99¬†‚Äì
Bluetooth Speaker with HD Sound,"Monolith MM-5R Powered Multimedia Speakers Ribbon Tweeter - Black (Pair) With Bluetooth with aptX HD, USB DAC, Optical Inputs, Subwoofer Output","Part Number: 138620Type: Home Theater Speaker SystemFeatures: Audiophile grade sound. Attractive, compact and big sound. Deliver spacious, punchy sound from a small enclosure, the MM-5 features a powerful 100 watts per speaker Class AB bi-amplification system that drives an AMT ribbon tweeter and a 5.25in polypropylene, ultra stiff woofer. Outfitted with a slotted rear bass port, theModel #: 138620",$529.99,$497.99¬†‚Äì
Bluetooth Speaker with HD Sound,"Jabra Evolve2 65 MS Wireless Headphones with Link380a, Stereo, Black ‚Äì Wireless Bluetooth Headset for Calls and Music, 37 Hours of Battery Life, Passive Noise Cancelling Headphones",Part Number: 26599-999-999Wireless Type: BluetoothOperating Time: 24Weight: 6.22 oz.Model #: 26599-999-999,$191.00,$179.99¬†‚Äì
Bluetooth Speaker with HD Sound,YAMAHA YHT-4950UBL 5.1-Channel Home Theater System - Black,"Part Number: YHT-4950UBLChannels: 5.1Speakers Configuration: Front Speaker: Full-range bass-reflex
Center Speaker: Full-range acoustic suspension
Surround Speaker: Full-range bass-reflex
Subwoofer: Advanced YST IISpeakers Driver Unit: Front Speaker: 2-3/4"" full-range cone
Center Speaker: 2-3/4"" full-range cone
Surround Speaker: 2-3/4"" full-range cone
Subwoofer: 8"" coneModel #: YHT-4950UBL",$634.95,$549.95¬†‚Äì
Bluetooth Speaker with HD Sound,"Monoprice Bluetooth Long Range Transmitter and Receiver with aptX HD and aptX Low Latency, SBC, AAC, Toslink/Optical, 3.5mm Aux",Part Number: 143243Type: BluetoothWeight: 0.29Features: Bluetooth for Any Device: The Monoprice Bluetooth Long Range Transmitter and Receiver allows you to turn any audio device into a Bluetooth enabled device. Connect it to your home audio system as a receiver to stream audio from your phone or connect it to your home audio system as aModel #: 143243,$68.18,$61.98¬†‚Äì
Power Mirror Control Switch,FUJIFILM INSTAX MINI 12 Instant Film Camera (Blossom Pink) with 4x Fujifilm 2x10 Film Mini Instax Film Pack Bundle,Model #: 16806250-5K,$192.99,$190.99¬†‚Äì
Power Mirror Control Switch,"ACASIS External Dual-Drive RAID Enclosure with Cooling Fan for 2.5/3.5"" SATA HDD/SSD with USB A/C 3.0, Support RAID 0/1/JBOD/SPAN, Max 6Gbps with UASP, 36TB Capacity Raid Enclosure",Model #: 69097896786,$159.00,$86.00¬†‚Äì
Power Mirror Control Switch,SABRENT USB Type C Dual KVM Switch with Power Delivery [USB-CKDH],Type: USBParts: 3 YearsModel #: USB-CKDH,$199.99,$149.99¬†‚Äì
Power Mirror Control Switch,D-Link 10-Port Gigabit Smart Managed Switch | 8 GbE + 2 Optical SFP Ports | L3 Lite | Surveillance Mode | NDAA/TAA Compliant (DGS-1210-10),"Format: RackmountStandards: IEEE 802.3 10BASE-T Ethernet
IEEE 802.3u 100BASE-TX (Fast Ethernet)
IEEE 802.3ab 1000BASE-T (Gigabit Ethernet)
IEEE 802.3x Flow Control for Full-Duplex ModePrimary Ports: 8 x RJ45 + 2 x SFPPrimary Port Speed: 10/100/1000MbpsModel #: DGS-1210-10",$99.99,$94.98¬†‚Äì
Power Mirror Control Switch,"TRENDnet 10-Port Hardened Industrial Unmanaged Gigabit PoE ++ DIN-Rail Switch, 4 Gigabit PoE++ Ports, 4 Gigabit PoE+, 2 Gigabit Share Ports SFP or RJ-45, 360W Power Budget, Black, TI-BG104","Brand: TRENDnetStandards: IEEE 802.1d
IEEE 802.1p
IEEE 802.1Q
IEEE 802.1w
IEEE 802.1X
IEEE 802.1ab
IEEE 802.1ax
IEEE 802.3u
IEEE 802.3x
IEEE 802.3z
IEEE 802.3ab
IEEE 802.3ad
IEEE 802.3az
IEEE 802.3af
IEEE 802.3at
IEEE 802.3btNetwork Management Type: HTTP web-based GUI
CLI: Telnet / SSHv2
SNMP v1, v2c, v3
SNMP trap (up to 5 receivers)
RMON groups 1/2/3/9
Device configuration backup & restore, upgrade firmware, reboot, and reset to default
Multiple administrative or read-only user accounts
Enable or disable power saving mode per port
Static MAC entries
LLDP (Link layer discovery protocol)
Netlite device map
ONVIF device discovery
SNTP
SMTP alert
Syslog
Port statistics/utilization
Traffic monitor
Port mirror: one to one, many to one
Storm control: Broadcast, multicast, destination lookup failure (Min. limit: 1pps)
Loop...Model #: TI-BG62i",$629.99,$549.99¬†‚Äì
Apple AirPods Pro 2 Wireless Earbuds,"Cleer ARC II Gaming Earbuds - True Wireless Open Ear Headphones, Ultra-Low Latency, Snapdragon Sound, Bluetooth 5.3, USB-C Dongle, 35Hr Battery, Compatible with PS4, PS5, PC, Switch,White",Type: MinimalistModel #: 841084101333,$119.99,$109.99¬†‚Äì
Apple AirPods Pro 2 Wireless Earbuds,"3-in-1 Wireless Charging Station for iPhone 16 15 14 13 12 X Pro Max, Wireless Charger for Apple Watch 10 Ultra 3 SE 9 8 7 6 5 4 3 2, Wireless Charger for AirPods 4 Pro 2 3 (Gray)",Model #: BT0727D,$39.99,$35.99¬†‚Äì
Kensington N17 Dell Laptop Computer Lock,Kensington Slim N17 2.0 Keyed Laptop Lock for Wedge-Shaped Slots K60500WW,Model #: K60500WW,$50.81,$48.49¬†‚Äì
Apple CarPlay Wireless Adapter,"2 in 1 Mini Wireless CarPlay Adapter, Plug & Plug Auto Connect No Delay, Converts Wired to Wireless for Cars from 2017+, Android Auto Wireless Adapter for iPhone iOS 10+ /Android 11",Model #: WCPA001,$47.98,$39.99¬†‚Äì
Apple CarPlay Wireless Adapter,Wireless Carplay Adapter - Apple Carplay Wireless Adapter Plug and Play Quick Connect for 2015 and iPhone iOS 10+ Factory Wired Convert to Wireless CarPlay Dongle Car (USB),Model #: BT0113B,$62.99,$58.99¬†‚Äì
Apple CarPlay Wireless Adapter,"4-in-1 wireless CarPlay adapter supports Netflix/YouTube/TF card, Android Auto and Carplay adapter comes with USB-A and USB-C cables to convert wired to wireless Apple Dongle, iOS video box in-car pla",Model #: BT0331R,$69.99,$65.99¬†‚Äì
Garmin Accessory,"Garmin HRM 200 Heart Rate Monitor, M-XL #010-13388-00",Model #: 010-13388-00,$99.95,$92.66¬†‚Äì
Amazon Fire HD 10 Plus tablet,"BMAX I9 Plus Android 15  Tablet  12GB RAM(4GB+8GB Expand) + 64GB ROM 10.1"" 1280*800 IPS Touch Scree RK3562 Quad Core Port Tablets PC WIFI 6 (2.4GHz+5GHz No LTE)6000mAh Battery Front Camera Kids Tablet",Brand: bmaxSeries: i9plusOperating System: Android 14CPU Type: RK3562Model #: I9Plus,$169.00,$69.00¬†‚Äì
Amazon Fire HD 10 Plus tablet,"N-one Android Tablet, 10.4 Inch Android 13 Kids Tablets, 16GB(8+8) 128G 8-Core & 1TB Expand Game Tablet, WiFi GPS Bluetooth and Google GMS Certified for Work Education",GPU/VPU: Mali-G72Brand: N-oneSeries: NPadRelease Year: 2024Model #: NPad Plus,$125.99,$116.99¬†‚Äì
Amazon Fire HD 10 Plus tablet,"N-one NPad Plus Tablet with Case and Tempered Glass, 10.4 Inch 2K Incell Screen MTK8183 Octa Core 2.0Ghz 8GB+8GB ExpansionRAM 128GB ROM Camera 5MP+13MP, 7500mAh Battery, Android 13 Tablet",GPU/VPU: Mali-G72Brand: N-oneSeries: NPadRelease Year: 2024Model #: NPad Plus+C+G,$169.99,$125.99¬†‚Äì
Ring Alarm Motion Detector,Ring Alarm Pro - 8-piece - built-in eero Wi-Fi 6 router and optional 24/7 monitoring,Type: Alarm SystemColor: WhiteModel #: B08HSTJPM5-TS,$299.99,$259.24¬†‚Äì
Apple AirTag,"4 Pack, IPX8 Waterproof Airtag Holder for Apple Air Tags,Shockproof GPS Cover [Anti-Scratch] [PC+Silicone] Air-Tag Item Finders Case for Pets,Kids,Luggages-Black/Blue/White/Red",Type: GPS Cases & ProtectorsModel #: BL-ITGA,$11.98,$9.99¬†‚Äì
Apple AirTag,"Air Tags-4 Pack Tracker Tag works with Apple Find My (iOS only) smart tag item finder for keys, luggage, backpacks and more!",Model #: BT0113D,$42.99,$39.99¬†‚Äì
Walkie Talkies Long Range for Adults with Earpieces,"Walkie talkie 2 way radio long range,16 Channel Portable walkie talky adult,rechargeable walkie talkies long distance Handheld Transceiver with LED light and earpiece",Model #: WT01,$59.98,$49.99¬†‚Äì
Walkie Talkies Long Range for Adults with Earpieces,"Walkie talkie 2 way radio long range,16 Channel Portable walkie talky adult,rechargeable walkie talkies long distance Handheld Transceiver with LED light and earpiece",Model #: WT01,$59.98,$49.99¬†‚Äì
Kids Camera Instant Print,"Ecocleanpath A21 Kids Instant Print Camera with Dual Lens, 1080P HD Video & Free 32GB Card - Pink",Model #: 6911104112428,$82.99,$70.99¬†‚Äì
Kids Camera Instant Print,"Ecocleanpath Kids Instant Print Camera - 1080P HD, 2.4"" LCD, 32G SD Card, Rechargeable (Green)",Model #: 6911104112152,$96.99,$82.99¬†‚Äì
Kids Camera Instant Print,"Ecocleanpath A21 Kids Instant Print Camera with Dual Lens, 2400W Pixels, 1080P HD Video, 2.4"" IPS Screen, Stickers & 32GB TF Card (Blue)",Model #: 6911104112442,$82.99,$70.99¬†‚Äì
Kids Camera Instant Print,"Ecocleanpath A30 Kids Instant Print Camera 2400W Pixel, 2.4"" IPS Screen, 1080P Video, 32GB TF Card (Purple)",Model #: 6911104112411,$75.99,$64.99¬†‚Äì
Kids Camera Instant Print,"Ecocleanpath A30 Kids Instant Print Camera 2400W Pixel, 2.4"" IPS Screen, 32GB TF Card, Blue - Creative Photo & Video Fun",Model #: 6911104112404,$75.99,$64.99¬†‚Äì
Kids Camera Instant Print,"Ecocleanpath A30 Kids Instant Print Camera 2400W, 2.4"" IPS, 1080P Video, 32GB TF Card, White - Creative Gift",Model #: 6911104112398,$75.99,$64.99¬†‚Äì
TP-Link USB Bluetooth Adapter for PC,"TP-Link WiFi 6 AX3000 PCIe WiFi Card (Archer TX3000E), Up to 2400Mbps, Bluetooth 5.0, 802.11AX Dual Band Wireless Adapter with MU-MIMO,OFDMA,Ultra-Low Latency, Supports Windows 10 (64bit) only","Wireless Data Rates: 5 GHz
11ax: Up to 2402 Mbps(dynamic)
11ac: Up to 1733 Mbps(dynamic)
11n: Up to 300 Mbps(dynamic)
11a: Up to 54 Mbps(dynamic)

2.4 GHz
11ax: Up to 574 Mbps(dynamic)
11n: Up to 300 Mbps(dynamic)
11g: Up to 54 Mbps(dynamic)
11b: Up to 11 Mbps(dynamic)Frequency Band: 2.4 GHz / 5 GHzStandards: IEEE 802.11ax/ac/n/a 5 GHz
IEEE 802.11ax/n/g/b 2.4 GHz
Bluetooth 5.0/4.2/4.0Security: Support 64/128 bit WEP, WPA/WAP2/WPA3, WPA-PSK/WPA2-PSK, 802.1xModel #: Archer TX3000E",$35.99,$30.38¬†‚Äì
TP-Link USB Bluetooth Adapter for PC,TP-Link Archer TXE72E PCI Express AXE5400 Wi-Fi 6E Bluetooth 5.3 PCIe Adapter,"Frequency Band: 2.4 GHz / 5 GHz / 6 GHzStandards: IEEE 802.11a/b/g/n/ac/axSecurity: WEP, WPA/WPA2/WPA3, WPA-PSK/WPA2-PSKTransmitted Power: 5 GHz: 20dBm(FCC) /15dBm(CE) (EIRP)
2.4 GHz: 20dBm(FCC) / 16dBm(CE) (EIRP)
6 GHz: 12dBm(FCC)Model #: Archer TXE72E",$49.99,$38.99¬†‚Äì
TP-Link USB Bluetooth Adapter for PC,"TP-Link WiFi 6E AX5400 PCIe WiFi Card (Archer TXE75E), Tri Band Wireless Adapter with Bluetooth 5.3, WPA3,  MU-MIMO, OFDMA, Heat Sink, Low-Profile Bracket, Supports Windows 11, 10 (64bit)",Wireless Data Rates: AXE5400 / Up to 5.4GbpsFrequency Band: 2.4 GHz / 5 GHz / 6 GHzType: PCIE Wi-Fi AdapterColor: BlackModel #: Archer TXE75E,$49.99,$44.98¬†‚Äì
TP-Link USB Bluetooth Adapter for PC,"TP-Link USB Bluetooth Adapter for PC, 5.0 Bluetooth Dongle Receiver (UB500) Supports Windows 11/10/8.1/7 for Desktop, Laptop, Mouse, Keyboard, Printers, Headsets, Speakers, PS4/ Xbox Controllers",Brand: TP-LinkType: Bluetooth AdapterColor: BlackBluetooth: Bluetooth 4.1Model #: TP-Link UB500,$21.25,$18.97¬†‚Äì
Gigabit Ethernet Splitter 1 to 2 High Speed,"Aluminum Alloy Ethernet Splitter 1 to 2 High Speed 1000Mbps, Gigabit Ethernet Splitter, LAN Splitter with USB-C Power Cable, RJ45 Splitter for Cat5/5e/6/7/8 Cable (2 Devices Simultaneously Networking)","Part Number: BL-SW1KT2
Switch Type: GigabitModel #: BL-SW1KT2",$26.38,$20.99¬†‚Äì
Gigabit Ethernet Splitter 1 to 2 High Speed,"Upgrade Ethernet Splitter 1 to 3 High Speed 1000Mbps, LAN Splitter with USB Power Cable, RJ45 Splitter for Cat5/5e/6/7/8 Cable Gigabit Internet Splitter [3 Devices Simultaneously Networking]",Series: OZHW2Color: BlackDimensions: 3.51 x 3.12 x 0.08 inchesWeight: 3.52 ouncesModel #: A-OZHW2,$32.99,$19.99¬†‚Äì
10Gtek - SFP to RJ-45 Transceiver,"1.25/2.5/5/10G-T SFP+ to RJ45 CAT.6a Copper Transceiver, Auto-Negotiation SFP+ Ethernet Module, up to 30-Meter, for SFP-10G-T-S, Ubiquiti UniFi UF-RJ45-10G, Netgear AXM765 and More",Device Type: TransceiverModel #: ASF-10G2-T-CSC-X,$46.99,$43.99¬†‚Äì
10Gtek - SFP to RJ-45 Transceiver,"10GBase-T SFP+ Transceiver, 10G T, 10G Copper, RJ-45 SFP+ CAT.6a, up to 30 Meters, Compatible with Ubiquiti UniFi UF-RJ45-10G,Pack of 2",Device Type: TransceiverStandards: IEEE 802.3anNetwork Media: 1 x RJ45Ports: 10GBase-TModel #: ASF-10G-T (x2)-UBT-X,$89.99,$79.99¬†‚Äì
Night Vision Goggles - 4K Night Vision Binoculars with 5000mAh Rechargeable Battery,"Ecocleanpath 1968FT Night Vision Goggles, 4K IR Binoculars with 5000mAh Battery & Backlit Keys (Black)",Model #: 6911073203233,$264.99,$226.99¬†‚Äì
Night Vision Goggles - 4K Night Vision Binoculars with 5000mAh Rechargeable Battery,"Ecocleanpath 4K HD Night Vision Goggles with 5X Zoom, 3"" Screen & 5000mAh Battery - Black",Model #: 6911073203349,$180.99,$154.99¬†‚Äì
Night Vision Goggles - 4K Night Vision Binoculars with 5000mAh Rechargeable Battery,"Ecocleanpath 4K Night Vision Goggles for Adults, 3'' HD Screen with 32GB Card & Photo/Video Capture (Black)",Model #: 6911073202960,$180.99,$154.99¬†‚Äì
Night Vision Goggles - 4K Night Vision Binoculars with 5000mAh Rechargeable Battery,"Ecocleanpath 4K Night Vision Goggles with 32GB Card & Rechargeable Battery, 3'' HD Screen for Wildlife/Camping",Model #: 6911073203424,$166.99,$142.99¬†‚Äì
Night Vision Goggles - 4K Night Vision Binoculars with 5000mAh Rechargeable Battery,"Ecocleanpath 4K Night Vision Goggles with 3'' HD Screen, 32GB Card, Photo/Video Capture - Green",Model #: 6911073202977,$180.99,$154.99¬†‚Äì
Digital Camera,"Insta360 X5, Standard Bundle, Midnight Black, No MicroSD Card",Imaging Sensor: CMOSISO Range: 100‚Äì6400WiFi: 802.11a/n/acBrand: Insta360Model #: CINSAAHA_X501,$549.99,$464.99¬†‚Äì
Digital Camera,"Insta360 X5, Standard Bundle, Satin White Limited Edition, No MicroSD Card",Imaging Sensor: CMOSISO Range: 100‚Äì6400WiFi: 802.11a/n/acBrand: Insta360Model #: CINSAAHA_X532,$549.99,$464.99¬†‚Äì
Digital Camera,"Insta360 X4 8K 360 Action Camera, Travel Bundle",Aperture: F1.9ISO Range: 100-6400WiFi: YesBrand: Insta360Model #: CINSABMA_X413,$501.96,$384.96¬†‚Äì
Digital Camera,"Insta360 X4 8K 360 Action Camera, Action Bundle",Aperture: F1.9ISO Range: 100-6400WiFi: YesBrand: Insta360Model #: CINSABMA_X414,$509.96,$376.96¬†‚Äì
Digital Camera,Canon PowerShot SX740 HS Digital Camera -Black,"Image Sensor: CMOSImage Stabilization: Digital Image StabilizationLCD: 3.0""Series: PowerShotModel #: 2955C001",$779.95,$769.95¬†‚Äì
Digital Camera,"Minolta 56 Mega Pixels Dual Lens Point & Shoot Digital Camera with 5X Optical Zoom & 5K Ultra HD Video, Black",Model #: MINMNB5ZBK,$179.49,$179.00¬†‚Äì
TP-Link AC1200 WiFi Extender,"WAVLINK BE5100 Wi-Fi 7 Router, Dual Band Gaming Router with 4096-QAM Tech, Support EverythingMesh/Router/AP/Repeater Mode, Guest WiFi, QoS, IPv6 & Advanced VPN for Home WiFi",WiFi Generation: Wi-Fi 7Wireless Standard: IEEE 802.11b/g/n/a/ac/ax/beWPA: WPA3WAN Ports: 1 x WAN(1000Mbps);Model #: WL-WN530BE2,$99.99,$69.99¬†‚Äì
TP-Link AC1200 WiFi Extender,TP-Link AV1300 Gigabit Passthrough Powerline ac Wi-Fi Kit (TL-WPA8631P KIT),"Standards: HomePlug AV2, IEEE 1901, IEEE 802.3, IEEE 802.3u, IEEE 802.3ab, IEEE 802.11b/g/n (2.4 GHz), IEEE 802.11a/n/ac (5 GHz)Interface: 3 x Gigabit Ethernet Ports, 1 x Power SocketLEDs: Power, Powerline, Ethernet, Wi-Fi (2.4 GHz), Wi-Fi (5 GHz)Connection Type: RJ45Model #: TLWPA8631PKIT",$119.99,$99.99¬†‚Äì
TP-Link AC1200 WiFi Extender,"WAVLINK AC1200 WiFi Range Extender High Power Outdoor Weatherproof Long Range Wireless AP/Wifi Repeater/Router/Signal Booster Dual Band with Passive POE, Gigabit Port, 4x7dBi Detachable Omni Antennas","Standards: IEEE 802.11ac, IEEE 802.11a/b/g/nFrequency Band: 2.4 GHz / 5.0 GHzWireless Data Rates: Up to 1.2GbpsSecurity: WPA, WPA2Model #: WL-WN572HP3",$118.00,$64.99¬†‚Äì
Canon EF 50mm f1.8 STM Lens,Canon EF 50mm f/1.8 STM Lens,Type: Fixed Length LensFocal Length: 50mmCamera Mount: Canon EFAperture: Maximum: f/1.8Model #: 0570C002,$169.00,$129.95¬†‚Äì
3 Way Speaker Crossover,Monoprice Outdoor 2.1 Speaker System with 8-inch Subwoofer and 2.5-inch Satellites (3 piece) - Sycamore Series,"Part Number: 131034Type: Home Theater Speaker SystemFeatures: True 2.1 System: The subwoofer employs a 2-way, 12db crossover at 200Hz, so it uses all frequencies below 200Hz and sends all frequencies above 200Hz to the satellite speakers.Model #: 131034",$330.20,$300.18¬†‚Äì
The Board Game,MSI B650 GAMING PLUS WIFI AM5 AMD B650 ATX Motherboard,Brand: MSICPU Socket Type: AM5Chipset: AMD B650Serial ATA (SATA): 4 x SATA 6Gb/sModel #: B650 GAMING PLUS WIFI,$199.99,$139.99¬†‚Äì
The Board Game,AMD Ryzen 5 9600X - Ryzen 5 9000 Series Granite Ridge (Zen 5) 6-Core 3.9 GHz - Socket AM5 65W - Radeon Graphics Processor - 100-100001405WOF,Series: Ryzen 5 9000 SeriesL3 Cache: 32MBL2 Cache: 6MBCooling Device: Cooling device not included - Processor OnlyModel #: 100-100001405WOF,$279.00,$214.00¬†‚Äì
The Board Game,"ASUS TUF GAMING B760-PLUS WIFI Intel B760 (14th, 13th and 12th Gen)  LGA 1700 ATX motherboard with PCIe 5.0, three PCIe 4.0 M.2 slots, DDR5, Realtek 2.5Gb Ethernet, DisplayPort, HDMI, SATA 6 Gbps,","Memory Standard: DDR5 7200(OC)/7000(OC)/6800(OC)/6600(OC)/ 6400(OC)/ 6200(OC)/ 6000(OC)/ 5800(OC)/ 5600/ 5400/5200/ 5000/ 4800 Non-ECC, Un-buffered Memory*

* Supported memory types, data rate (speed), and number of DRAM modules vary depending on the CPU and memory configuration, for more information please refer to CPU/Memory Support under the Support tab or visit https://www.asus.com/support/
* Non-ECC, un-buffered DDR5 memory supports On-Die ECC function.Number of Memory Slots: 4x288pin (DDR5)Audio Chipset: Realtek 7.1 Surround Sound High Definition Audio CODEC
- Supports: Jack-detection, Multi-streaming, Front Panel Jack-retasking
- Supports up to 24-Bit/192 kHz playback
Audio Features 
- Audio Shielding
- Rear optical S/PDIF out port
- Premium audio capacitors
- Dedicated audio PCB layers
- Audio coverBrand: ASUS...Model #: TUF GAMING B760-PLUS WIFI",$199.99,$149.99¬†‚Äì
The Board Game,"MXZ Gaming PC ,AMD Ryzen 7 7700 , GeForce RTX 4070 SUPER ,16GB DDR5 6000MHz, NVME M2 1 T, 6RGB Fans,Windows 11 Pro Ready to use, Gamer Desktop Computer(R7 7700| RTX 4070 SUPER)",CPU Type: AMD Ryzen 7 7000 SeriesGPU/VGA Type: GeForce RTX 4070 SUPERCPU Name: AMD Ryzen 7 7700Memory Capacity: 16GB DDR5Model #: R7 7700| RTX 4070S,"$2,149.00","$1,479.00¬†‚Äì"
The Board Game,MSI PRO B850-S WIFI6E AM5 AMD B850 SATA 6Gb/s 5G Network Wi-Fi6E DDR5 Motherboard,Brand: MSICPU Socket Type: AM5Chipset: AMD B850Serial ATA (SATA): 4 x SATA 6Gb/sModel #: PRO B850-S WIFI6E,$159.99,$149.99¬†‚Äì
The Board Game,"Ningmei Gaming Desktop Computer PC, AMD Ryzen 7 5700X, RTX 5060, 32GB DDR4 RAM, 1TB NVME SSD, 240 Liquid Cooler, 650W PSU, Wi-Fi, ARGB Fans , Game Design Office, Windows 11 Home , Prebuilt Gaming PC",CPU Type: AMD Ryzen 7 5000 SeriesGPU/VGA Type: GeForce RTX 5060CPU Name: AMD Ryzen 7 5700XMemory Capacity: 32GB DDR4Model #: 601NMR74060321A,"$2,299.00","$1,149.00¬†‚Äì"
The Board Game,AMD Ryzen 7 9700X - Ryzen 7 9000 Series Granite Ridge (Zen 5) 8-Core 3.8 GHz - Socket AM5 65W - Radeon Graphics Processor - 100-100001404WOZ - - International Version With Warranty Of Three Years,Processors Type: Desktop# of Threads: 16-ThreadsMax Turbo Frequency: Up to 5.5 GHzL1 Cache: 512KBModel #: 100-100001404WOZ,$299.99,$296.99¬†‚Äì
The Board Game,"MSI G275L E14 27"" FHD Gaming Monitor 1920x1080 144Hz 1ms FreeSync IPS HDR Ready Anti-Glare HDMI DisplayPort Adaptive-Sync Frameless Design VESA Mount Compatible","Screen Size: 27""Refresh Rate: 144 HzResolution: 1920 x 1080Response Time: 1ms (MPRT)Model #: G275L E14",$119.99,$109.99¬†‚Äì
The Board Game,"MXZ Gaming PC Computer Intel Core i5 14400F 3.6GHz,GeForce RTX 4070 Super 16GB DDR5, NVME 1 TB, 5 RGB Fans, Windows 11 Pro Ready to use, Gamer Desktop Computer (I5 14400F| RTX 4070 Super)",GPU/VGA Type: GeForce RTX 4070 SUPERMemory Capacity: 16GB DDR5SSD: 1TBOperating System: Windows 11 ProModel #: I5 14400F| RTX4070S,"$1,879.00","$1,399.00¬†‚Äì"
The Board Game,"ASUS TUF Gaming B560M-PLUS WiFi LGA1200 (Intel¬Æ11th/10th Gen) Micro ATX Gaming Motherboard (PCIe 4.0, 2X M.2 Slots,8+1 Power Stages, 2.5Gb LAN, WiFi 6, USB 3.2 Type-C¬Æ, Thunderbolt‚Ñ¢ 4 Support)","Memory Standard: DDR4 5000(OC) / 4800(OC) / 4600(OC) / 4400(OC) / 4266(OC) / 4000(OC) / 3733(OC) / 3600(OC) / 3466(OC) / 3333(OC) / 3200 / 2933 / 2800 / 2666 / 2400 / 2133*

* 11th Gen Intel processors support 3200 / 2933 / 2800 / 2666 / 2400 / 2133 natively.
* 10th Gen Intel Core i7 / i9 processors support 2933 / 2800 / 2666 / 2400 / 2133 natively, others will run at the maximum transfer rate of DDR4 2666.
* Refer to www.asus.com for the Memory QVL (Qualified Vendors Lists), and memory frequency support depends on the CPU types.Number of Memory Slots: 4x288pin (DDR4)Audio Chipset: Realtek ALC897Brand: ASUSModel #: TUF GAM B560M-PLUS W",$201.56,$134.79¬†‚Äì
The Board Game,MSI PRO Z790-A MAX WIFI LGA 1700 Intel Z790 ATX Motherboard,"Memory Standard: Memory Support 7800+(OC)/ 7600(OC)/ 7400(OC)/ 7200(OC)/ 7000(OC)/ 6800(OC)/ 6600(OC)/ 6400(OC)/ 6200(OC)/ 6000(OC)/ 5800(OC)/ 5600(JEDEC)/ 5400(JEDEC)/ 5200(JEDEC)/ 5000(JEDEC)/ 4800(JEDEC) MHz
Max. overclocking frequency:
- 1DPC 1R Max speed up to 7800+ MHz
- 1DPC 2R Max speed up to 6600+ MHz
- 2DPC 1R Max speed up to 6400+ MHz
- 2DPC 2R Max speed up to 5600+ MHzNumber of Memory Slots: 4x288pin (DDR5)Audio Chipset: Realtek ALC4080 Codec
7.1-Channel USB High Performance Audio
Supports S/PDIF outputBrand: MSIModel #: PRO Z790-A MAX WIFI",$289.00,$278.52¬†‚Äì
The Board Game,"JONSBO BO400 ATX Computer Case, Aluminum Frame, SP Back-Connect MB,High Comp PC Case,SP GPU 435mm/PSU 200mm/AIO360x3,3 Sided View,Top Front Interchangeable Glass/Mesh Desktop Display Chassis, Gray",Motherboard Compatibility: ATX (Back Connect)Front Ports: USB3.2 Gen1 Type-A*2/USB3.2 Gen 2 Type-C*1/AUDIO*1 & MIC*1Color: GrayCase Material: Aluminum / SGCC /SPCC/TEMPERED GLASSModel #: BO400 GRAY,$499.00,$296.99¬†‚Äì
The Board Game,"MXZ Intel Core i7 13700F 5.2GHz,GeForce RTX 4070, Gaming PC ,16GB*2 DDR5 6000MHz, M.2 SSD 1T, B760, 6RGB Fans,Windows 11 Pro , Gamer Desktop Computer(I7 13700F| RTX 4070)",GPU/VGA Type: GeForce RTX 4070Memory Capacity: 32GB DDR5SSD: 1TBOperating System: Windows 11 ProModel #: I7 13700F| RTX 4070,"$1,659.00","$1,489.00¬†‚Äì"
The Board Game,MSI PRO B850M-A WIFI PZ AMD B850 HDMI Motherboards-AMD,Brand: MSICPU Socket Type: AM5Chipset: AMD B850Serial ATA (SATA): 4 x SATA 6Gb/sModel #: PRO B850M-A WIFI PZ,$218.98,$216.99¬†‚Äì
TV Antenna for Smart TV,"680+ Miles Range TV Antenna, Digital TV Antenna for Smart TV and Old TVs, Amplified HD Antenna for TV Indoor Outdoor with Amplifier and Signal Booster- 36ft Coax Cable - Support 4K 1080p",Model #: MH231020,$41.98,$34.99¬†‚Äì
TV Antenna for Smart TV,"680+ Miles Range TV Antenna, Digital TV Antenna for Smart TV and Old TVs, Amplified HD Antenna for TV Indoor Outdoor with Amplifier and Signal Booster- 36ft Coax Cable - Support 4K 1080p",Model #: MH231020,$41.98,$34.99¬†‚Äì
TV Antenna for Smart TV,"WiFi Extender, WiFi Booster and Signal Amplifier up to 8470Sq.ft, 1200Mbps Wirless WiFi Extenders Signal Booster 5GHz & 2.4GHz for Home, Internet Booster, Repeater with Ethernet Port & Access Point","Standards: IEEE 802.11ac, IEEE 802.11a/b/g/nFrequency Band: 2.4 GHz / 5.0 GHzWireless Data Rates: Up to 1200MbpsSecurity: WEP, WPA, WPA2, WPSModel #: BL-RP58-1200M",$59.98,$46.99¬†‚Äì
TV Antenna for Smart TV,"TP-Link Deco AXE5400 Tri-Band WiFi 6E Mesh System (Deco XE75 Pro) - 2.5G WAN/LAN Port, Covers up to 5500 Sq.Ft, Replaces WiFi Router and Extender, AI-Driven Mesh, New 6GHz Band, 2-Pack",Type: Mesh WiFi SystemRouter & Satellite Counts: 2-Pack (2 Routers)Covered Area: 3-5 Bedroom HousesWi-Fi Standards: Wi-Fi 6EModel #: Deco XE75 Pro(2-pack),$229.99,$219.99¬†‚Äì
Book Light for Reading in Bed,"Bailink 2024 Updated LED Neck Book Light,Hands Free Rechargeable 3 Colors & Stepless Dimming, Flexible Bendable Arms, and Long-Lasting Performance Book Light for Reading in Bed - Black","Product name: LED Neck Book Lightfeatures: Updated 9 Levels Brightness & 3 Color Modes: The Book Light for Reading in Bed Has 3 Color Light Modes and 6 Levels of Brightness. When Long-Pressed for Stepless Dimming, It Cycles from The Brightest To The Darkest Setting.Choose Cool White for Deep Work, Natural White for Crafting, Or Warm White for Cozy Lighting.
Flexible Arms & Portable Pocket Reading Light: The reading lights for books in bed covered with premium comfortable soft rubber , sweatproof & wearability bendable and strong, it can be wound, twisted, folded into any shape, simple to create the perfect illumination for yourself angle in different environments. Only 0.2Ib weight, can easily fit your carry-on suitcase or pocket , it is an ideal choice gift for all aspects.
Hands Free, Eye-Comfort Feature & Not Disturb Others: With the booklights for reading i...Model #: BL-LED-BL",$31.18,$24.99¬†‚Äì
Book Light for Reading in Bed,"Ecocleanpath U-Shaped 4 LED Neck Reading Light, 3 Modes Hands-Free Book Lamp for Bed & Travel (Black)",Model #: 6911072238212,$22.99,$19.99¬†‚Äì
Book Light for Reading in Bed,Ecocleanpath Rechargeable Red Reading Light Clip On - Blue Light Free Eye Care Lamp for Bedtime Reading & Sleep,Model #: 6911072239240,$34.99,$29.99¬†‚Äì
USB to USB C Adapter,"DIXSG 4 Pack USB C to USB Adapter (2 Pack) & USB to USB C Adapter (2 Pack), USB A to USB C 3.1 Adapter, Type C to USB Adapter Compatible with i-Phone Android Smartphones PC MacBook Pro Laptop Tablet",Type: USB C to USB Adapter (2 Pack) & USB to USB C Adapter (2 Pack)Connector A: 1x USB AConnector B: 1x USB CConnector Style: StandardModel #: SBN10,$9.99,$8.99¬†‚Äì
USB to USB C Adapter,USB B to USB C Adapter (2 Pack) USB-C Female to Printer Male Converter USB Type C to Midi USB B Connector Support Data Sync Compatible with Printer Scanner Fax Machine Electronic Piano,Connector Type: Lighting to USB CModel #: Arzhcyt 01,$12.22,$10.22¬†‚Äì
USB to USB C Adapter,"Hannord USB C to USB 3.0 Adapter, 2-Pack USB 3.1 Type C Female to USB 3.0 A Male Adapter Converter Support Data Sync and Charging",Connector A: 1x USB 3.1 Gen 1 maleConnector B: 1x USB Type-C femaleOption: 2 packColor: BlackModel #: E000064-2,$10.99,$8.99¬†‚Äì
Digital TV Converter Box,"Mediasonic ATSC Digital Converter Box with TV Tuner, TV Recording, USB Multimedia function, 1080P HDMI Output, Metal Case, Clear QAM (HW250STB)",Model #: HW250STB,$45.99,$39.99¬†‚Äì
Digital TV Converter Box,Mediasonic HomeWorx ATSC Digital Converter Box with Recording | Media Player | TV Tuner Function (HW130STB),Part Number: HW130STB-NEType: TV TunerDimensions: 5 x 4 x 1.5 InchesWeight: 0.3 LBModel #: HW130STB-NE,$34.99,$32.99¬†‚Äì
Digital TV Converter Box,"Mediasonic Digital TV Converter Box Dongle, ATSC Digital Converter Box with TV Tuner, TV Recording, USB Multimedia Function, 1080P HDMI Output, Clear QAM by Mediasonic HomeWorx (HW135STB)",Model #: HW135STB-NE,$34.50,$29.99¬†‚Äì
Digital TV Converter Box,"HDMI to VGA, Gold-Plated HDMI to VGA Adapter (Male to Female) with 3.5mm Audio Jack and USB Power Supply for Computer, Desktop, Laptop, PC, Monitor, Projector, HDTV, Chromebook, Raspberry Pi, Roku, Xb","Type: HDMI to VGAColor: BlackPackage Contents: HDMI male to VGA female adapter x 1

3.5mm audio male to male cable x 1

USB to Micro USB power cable x 1Model #: BL-HDMI2VGA-1",$16.78,$13.99¬†‚Äì
Digital TV Converter Box,"HDMI to VGA, Hannord Gold-Plated HDMI to VGA 6 Feet Cable (Male to Male) Compatible for Computer, Desktop, Laptop, PC, Monitor, Projector, HDTV, Raspberry Pi, Roku, Xbox and More",Type: HDMI to VGA CableLength: 6 ft.Connector Number: 2Connect From: 1 x HDMIModel #: E000182-1_8M,$15.99,$11.99¬†‚Äì
DVD Players for TV with HDMI,"Aluminum HDMI Splitter 1 in 4 Out, 4K HDMI Splitters for Dual Monitors Supports 3D Full HD 1080P HDMI Spliter HDMI Adapter for TV Compatible for PS4 Fire Stick HDTV(1 Source to 4 Displays) Black",Series: Aluminum 4K HDMI Splitter 1 in 4 OutPart Number: BL-HDMISPType: HDMI SwitchersColor: BlackModel #: BL-HDMISP,$32.38,$22.99¬†‚Äì
DVD Players for TV with HDMI,"Nippon Labs 30AWG 8K HDMI Cable 6ft. HDMI 2.1 Cable Real 8K, High Speed 48Gbps 8K(7680 x 4320)@60Hz, 4K@120Hz Dolby Vision, HDCP 2.2, 4:4:4 HDR, eARC Compatible with Apple TV, Samsung QLED TV",Type: HDMI to HDMIType: HDMI CablesLength: 6 ft.Connector Number: 2Model #: 80HDMI-8K-6B,$18.99,$16.99¬†‚Äì
2 Way Coaxial Cable Splitter,Antronix High Performance 4-Way Coaxial Cable TV Splitter CMC2004H-A OTA 5-1002M,Part Number: CMC2004H-AType: Television Replacement PartsColor: BlackWeight: 0.1500Model #: CMC2004H-A,$9.99,$8.95¬†‚Äì
2 Way Coaxial Cable Splitter,Antronix RRA1-10 Coaxial CATV 10db Return Amplifier,Color: GreyWeight: 0.7200Model #: 742033672730,$68.99,$59.99¬†‚Äì
Wireless HDMI Transmitter and Receiver,"4K HDMI Extender with eARC & ARC, HDBaseT 3.0 Extender w/ 2-Way IR, CEC & PoC, Ideal for Home Theater, HDR Dolby Vision up to130ft/40m",Extender & Repeater Type: Transmitter/Receiver3D Support: YesResolution Support: 4KHDMI: 1 Input/1 OutputModel #: 4KEX40-eARC,$379.99,$369.99¬†‚Äì
Cleaning Repair Tool Kit for PS4 PS5,"PANO-MOUNTS 12.5W/m¬∑K 5g High-Conductivity Thermal Paste - CPU/GPU/PS5 Cooling Compound for Gaming Laptops, Graphics Cards, AM5 Heatsinks| PC Gamer Thermal Gel, Non-Conductive Liquid Metal Alternative",Volume / Net Weight: 12.5W/mK 5gModel #: TC-P12505,$16.99,$8.99¬†‚Äì
Charger for Nintendo Switch,"Switch Stand for Nintendo,Charging Dock for Nintendo Switch and Nintendo Switch Lite,Portable Switch Adjustable Charging Stand for Nintendo with USB Type C Charger Port(Black)",Color: BlackModel #: Naker-8,$17.27,$16.27¬†‚Äì
Switch OLED Carrying Case Compatible with Nintendo Switch  Switch OLED,Controller Gear Switch Carrying Case Compatible with Nintendo Switch or Switch OLED - Black,Model #: CANIXXSCP-00UPK,$29.99,$19.99¬†‚Äì
Switch OLED Carrying Case Compatible with Nintendo Switch  Switch OLED,Open Box Controller Gear Switch Carrying Case Compatible with Nintendo Switch/Switch OLED - Black,Model #: CANIXXSCP-00UPK,$29.99,$5.99¬†‚Äì
Seagate Game Drive for Xbox 2TB External Hard Drive Portable HDD - USB 3.2 Gen 1,Seagate 2TB Game Drive for Xbox with Immersive LED Lighting USB 3.2 Gen 1 Model STKX2000400 Black,"Form Factor: 2.5""Dimensions: 0.57"" x 3.15"" x 4.82""Weight: 0.37 lb.Package Contents: Seagate Game Drive for Xbox Hard Drive
18-inch (45.72cm) USB 3.0 cable
Quick Install GuideModel #: STKX2000400",$107.99,$89.99¬†‚Äì
Upgraded Fast Charging Rechargeable Battery Packs with Light Control,"Ecocleanpath 2-Pack Rechargeable Headlamp with Motion Sensor, Super Bright COB LED, IPX4 Waterproof for Running & Camping (Black)",Model #: 6911072936408,$25.99,$21.99¬†‚Äì
Upgraded Fast Charging Rechargeable Battery Packs with Light Control,"Ecocleanpath Motion Sensor LED Headlamp 3-Pack, 230¬∞ Wide Beam, Rechargeable, IPX4 Waterproof (Black)",Model #: 6925110644330,$39.99,$34.99¬†‚Äì
Upgraded Fast Charging Rechargeable Battery Packs with Light Control,"Ecocleanpath Rechargeable LED Headlamp 2-Pack, 750 Lumen, 14 Modes, 84H Runtime, Hand Sensor, IPX4 Waterproof - Black",Model #: 6925110641247,$35.99,$30.99¬†‚Äì
Microsoft XBOX 360 Kinect Sensor Renewed,Refurbished Microsoft Xbox Series X 1TB Console - Refurbished - Very Good,Model #: Xbox-Series-X,$596.49,$566.49¬†‚Äì
Headphone Stand-Controller Holder Headset Holder,Bailink Iridescent Acrylic 2-Tier Universal Game Controller Headset Holder Stand for PS5 Xbox ONE Switch Colorful Controller Stand Gaming Accessories Anti-Slip Stable Acrylic Clear Headphone Holder,"Type: 2-Tier Universal Game ControllerFeature: Cool Game Storage Stand: This controller storage holder is sufficient to hold up to 2 game controllers. Our stand is appropriate for most controllers and fits most retro and modern controllers. It is a wonderful match for the gaming environment and completes your gaming entertainment area by perfectly organizing and displaying your game controllers.
Unique Design: The controller bracket is made of high-quality acrylic with a unique colorful design, crystal clear, sturdy, and fall resistant. It enhances the appearance of the controller and is an excellent way to showcase all your controllers. There are charging cable holes on the back for use at any moment. The space-saving design can centralize your gaming accessories to save more game area space and keep the desktop tidy.
Durability & Stability: The controller sta...Model #: BL-YX-SBZJ",$14.38,$12.99¬†‚Äì
PS4 Controller Battery,"CORSAIR VIRTUOSO RGB WIRELESS XT High-Fidelity Gaming Headset with Bluetooth and Spatial Audio - Works with Mac, PC, PS5, PS4, Xbox series X/S - Slate","Power Source: Rechargeable, Lithium polymer, 1500mAhOperating Time: Up to 15 hoursCord Length: USB Charging Cable: 1.8m
3.5mm Inline Controller: 1.5mWireless Type: 2.4 GHz ISM / Bluetooth 5.0Model #: CA-9011188-NA",$279.99,$169.99¬†‚Äì
AV Cable for Wii Wii U,"HDMI to VGA, Gold-Plated HDMI to VGA Adapter (Male to Female) with 3.5mm Audio Jack and USB Power Supply for Computer, Desktop, Laptop, PC, Monitor, Projector, HDTV, Chromebook, Raspberry Pi, Roku, Xb","Type: HDMI to VGAColor: BlackPackage Contents: HDMI male to VGA female adapter x 1

3.5mm audio male to male cable x 1

USB to Micro USB power cable x 1Model #: BL-HDMI2VGA-1",$16.78,$13.99¬†‚Äì
AV Cable for Wii Wii U,"UGREEN 8K HDMI 2.1 Cable 48Gbps , Certified Ultra High Speed HDMI Cord Aluminum, 4K@240Hz 120Hz 10K 8K@60Hz, HDCP 2.2&2.3, eARC HDR 10 Dolby  6.6FT",Model #: UC0SC-131,$26.99,$25.99¬†‚Äì
AV Cable for Wii Wii U,"Fosmon 16.5FT CL3 Rated 28AWG Cotton Braided Premium High Speed HDMI Cable (Supports Ethernet, 3D, Audio Return, 4K@60Hz) - Blue/Black",Type: HDMI CableType: HDMI CableLength: 16.5FTConnector Number: 2Model #: HD8228FA,$19.99,$16.99¬†‚Äì
Nintendo Wii Remote Plus,2-Piece Wii Motion Plus Adapter with 2 Motion Plus Adapter Accelerators and 2 Silicone Cases for Nintendo wii Remote - White,Model #: BT1030AA,$23.99,$20.99¬†‚Äì
Wii Sensor bar,"4 in 1 Wii Replacement Cables Set, PORTHOLIC Wii AC Power Adapter + Wii to hdmi Converter+ Wired Motion Sensor Bar and Composite Audio Video Cable for Nintendo Wii",Type: AdapterColor: WhiteModel #: Wii4i1-W,$33.58,$27.99¬†‚Äì
Wii Sensor bar,"4 in 1 Wii Replacement Cables Set, PORTHOLIC Wii AC Power Adapter + Wii to hdmi Converter+ Wired Motion Sensor Bar and Composite Audio Video Cable for Nintendo Wii",Type: AdapterColor: BlackModel #: Wii4i1-B,$35.98,$29.99¬†‚Äì
Switch Controller,Controller Gear Animal Crossing Nintendo Switch & Switch Lite Sling Bag - Cat's Meow,Part Number: BANIXXSLL-0MCMWColor: PinkType: CaseEdition: Standard EditionModel #: BANIXXSLL-0MCMW,$49.99,$12.99¬†‚Äì
Switch Controller,"Switch Controller for Nintendo Switch, Switch Remote Control Supports Dual Vibration/Motion Control/Screenshot/Wake-up",Model #: SRC03,$41.98,$34.99¬†‚Äì
Switch Controller,"Switch Controller for Nintendo Switch, Switch Remote Control Supports Dual Vibration/Motion Control/Screenshot/Wake-up Blue + Red",Model #: SRC02,$41.98,$34.99¬†‚Äì
Switch Case for Nintendo Switch and Switch OLED Model,Controller Gear Switch Carrying Case Compatible with Nintendo Switch or Switch OLED - Black,Model #: CANIXXSCP-00UPK,$29.99,$19.99¬†‚Äì
Switch Case for Nintendo Switch and Switch OLED Model,Open Box Controller Gear Switch Carrying Case Compatible with Nintendo Switch/Switch OLED - Black,Model #: CANIXXSCP-00UPK,$29.99,$5.99¬†‚Äì
Head Strap for Meta Oculus Quest 3S Quest 3,"RGB Head Strap with Battery for Meta/Oculus Quest 3/Quest 3S, 10000mAh Battery Pack for Extended 8H of Playtime, Fast Charging VR Power, Adjustable Elite Strap Enhanced Support and Balance in VR","Type: StrapCompatibility: Multi Devices SupportBattery: BatteryFeatures: Extended Playtime: With a high-capacity 10000mAh battery, our VR accessories allows you to extend your Oculus Quest 3/Quest 3s playtime by up to 8H. Enjoy your favorite VR games and apps without worrying about running out of battery.
Durable and Eco-Friendly: Our oculus quest 3/3s accessories side straps are made fromModel #: BL-VRQ8-3",$79.99,$62.99¬†‚Äì
Head Strap for Meta Oculus Quest 3S Quest 3,"Meta Quest Compact Carrying Case ‚Äî Works with Meta Quest 3/3S ‚Äî Refreshed Compact Design ‚Äî Fits Quest 3/3S, Touch Plus Controller, Active Straps, Charging Cable, and Adapter",Brand: Meta QuestColor: GrayType: CasePlatform: Meta QuestModel #: SK-1000044-01,$49.99,$39.99¬†‚Äì
Headset Holder for PS5 Headphone Holder for PlayStation 5,Bailink Iridescent Acrylic 2-Tier Universal Game Controller Headset Holder Stand for PS5 Xbox ONE Switch Colorful Controller Stand Gaming Accessories Anti-Slip Stable Acrylic Clear Headphone Holder,"Type: 2-Tier Universal Game ControllerFeature: Cool Game Storage Stand: This controller storage holder is sufficient to hold up to 2 game controllers. Our stand is appropriate for most controllers and fits most retro and modern controllers. It is a wonderful match for the gaming environment and completes your gaming entertainment area by perfectly organizing and displaying your game controllers.
Unique Design: The controller bracket is made of high-quality acrylic with a unique colorful design, crystal clear, sturdy, and fall resistant. It enhances the appearance of the controller and is an excellent way to showcase all your controllers. There are charging cable holes on the back for use at any moment. The space-saving design can centralize your gaming accessories to save more game area space and keep the desktop tidy.
Durability & Stability: The controller sta...Model #: BL-YX-SBZJ",$14.38,$12.99¬†‚Äì
Wii Controller 2 Pack,"Wii Controller 2-Pack, Wii Remote with Silicone Case and Wrist Strap, Wii/Wii U Remote, White",Model #: BT0601A,$32.99,$29.99¬†‚Äì
Wii Controller 2 Pack,"Wii Controller 2-Pack, Wii Remote with Silicone Case and Wrist Strap, Wii/Wii U Remote, Black",Model #: BT0601C,$32.99,$29.99¬†‚Äì
Wii Controller 2 Pack,"Wii Controller 2-Pack, Wii Remote with Silicone Case and Wrist Strap for Wii/Wii U (Pink and Blue)",Model #: BT0601D,$31.99,$29.99¬†‚Äì
Wii Controller 2 Pack,"Wii Controller 2-Pack, Wii Remote with Silicone Case and Wrist Strap, Wii/Wii U Remote, Pink and Blue",Model #: BT0601B,$32.99,$29.99¬†‚Äì
Norton Utilities Ultimate  cleans and speeds up your PC,"Norton Utilities Ultimate for 10 Devices, Keep your devices running like new, For Windows PC, Android and iOS (Download)","Disclaimer: Currently, this item is available only to customers located in the United States.Type: System OptimizationPackaging: DownloadModel #: 21427884",$39.99,$19.99¬†‚Äì
